<?xml version="1.0" encoding="UTF-8" standalone="no" ?>
<AppointmentBindings DocPath="C:\Documents and Settings\Administrator\Application Data\4D\DevMbrMax092905.4DC_10_0_0_8\Extras\Preferences\Appointment\Day_Planner\Appointment.xml">

  <Subject BoundTo="Description" Field="8"/>

  <Body BoundTo="Notes" Field="10"/>

  <Location BoundTo="" Field=""/>

  <startDatestring BoundTo="Activity_StartDate" Field="2"/>

  <endDatestring BoundTo="Activity_EndDate" Field="3"/>
  
  <startTimestring BoundTo="Time" Field="15"/>

  <endTimestring BoundTo="" Field=""/>

  <Duration BoundTo="" Field=""/>

</AppointmentBindings>
