<?xml version="1.0" encoding="UTF-8" standalone="no" ?>
<OutlookBindings DocPath="C:\Documents and Settings\Administrator\Application Data\4D\DevMbrMax092905.4DC_10_0_0_8\Extras\Preferences\Outlook\PERSON\Outlook.xml">

  <firstname BoundTo="First Name" Field="4"/>

  <lastname BoundTo="Last Name" Field="3"/>

  <Address BoundTo="Mail Address1" Field="15"/>

  <City BoundTo="Mail City" Field="17"/>

  <State BoundTo="Mail State" Field="18"/>

  <Zip BoundTo="Mail Zip" Field="19"/>

  <Country BoundTo="Mail Country" Field="20"/>

  <Email BoundTo="EMail1" Field="45"/>

  <Company BoundTo="Company Name" Field="7"/>

  <Phone BoundTo="Phone" Field="22"/>

  <Fax BoundTo="Fax" Field="23"/>

</OutlookBindings>
