﻿<?xml version="1.0" encoding="UTF-8" standalone="no" ?>
<CacheFiles xmlns="http://namespace/reserved/2004/cache">

  <File>
    <ArchiveName>pageSetups.4darchive</ArchiveName>
    <Name>pageSetups</Name>
    <Type>Folder</Type>
    <Contents>1658780307995161165816587770613150141723115497835</Contents>
  </File>

  <File>
    <ArchiveName>Images.4darchive</ArchiveName>
    <Name>Images</Name>
    <Type>Folder</Type>
    <Contents>141099132826563134031410990115492271747121304694239</Contents>
  </File>

  <File>
    <ArchiveName>cktest.4darchive</ArchiveName>
    <Name>cktest.html</Name>
    <Type>File</Type>
    <Contents>568592771696434460568592737362893648849</Contents>
  </File>

  <File>
    <ArchiveName>ckeditor.4darchive</ArchiveName>
    <Name>ckeditor.html</Name>
    <Type>File</Type>
    <Contents>5685927716964344915685927373628936481965</Contents>
  </File>

  <version>11</version>

</CacheFiles>
