﻿{
	"users": {
		"designer": {
			"password": "n0RNdMECavYVmc14kVFeOg==",
			"alias": "Designer"
		},
		"administrator": {
			"password": "ZwT2cS9Sfsqiy5aOsQAAvw==",
			"alias": "Administrator"
		},
		"aadd": {
			"password": "Px1BcOL8XB/q248ew0FAUw=="
		},
		"mlist": {
			"password": "UYVbQBVNJdmP5yOevihudQ=="
		},
		"FaxWorker": {
			"password": "gibef/hi8bGMq/2CsL2N+g=="
		},
		"cmodify": {
			"password": "iv1hNcVzMRPmVo9wq/AGYQ=="
		},
		"massdelete": {
			"password": "nXlEJb6soaO5hcxdIhPZxA=="
		},
		"acura": {
			"password": "vOrJZ04taJcwShiUc6DbnQ=="
		},
		"massapply": {
			"password": "saMSZ8GSSTzqRMCdMPsVAQ=="
		},
		"WebMaster": {
			"password": "fE2vuZxie6HQK+QF+/G3ZA=="
		},
		"mreview": {
			"password": "PiY/veSz4ZDnbOPqcGNUkw=="
		},
		"CManager": {
			"password": "hhUZK8+zPFgD1h+W2ZiuPw=="
		},
		"mmodify": {
			"password": "IOFDQLU9YpbIuCPBbZO6Tw=="
		},
		"cadd": {
			"password": "6KssC+vpreBCeTbDcdBHqQ=="
		},
		"MManager": {
			"password": "wQaC51pVcrGGZP7mqGFIXw=="
		},
		"MiscWorker": {
			"password": "CGSpekSk85LCcr7uwxusdw=="
		},
		"Worker": {
			"password": "phFrWkYGncrleGLJzNaGcw=="
		},
		"SMTPworker": {
			"password": "5iHIwVkrHuIpoF4JrpQKIQ=="
		},
		"areview": {
			"password": "7H4qpd5TYg2LKiBKdBg/ww=="
		},
		"AManager": {
			"password": "DsWlDMKt4jQBoxIGBH1Rqw=="
		},
		"clist": {
			"password": "SWB4vxocQ+4OJ5a4fa9oqw=="
		},
		"alist": {
			"password": "sERziYxzl3sTZHIX/wm9Hw=="
		},
		"Reports": {
			"password": "k3BZJH7u5+hnJ4A8aKzZAw=="
		},
		"New user1": {},
		"amodify": {
			"password": "xVrK4Ogvy0Y/4iOOF/kkRw=="
		},
		"basicm": {
			"password": "pvZt4g44ecBf0kZtu8X5Mg=="
		},
		"basica": {
			"password": "//yxvVfu/NSVvu87QJW3BQ=="
		},
		"Jeff": {
			"password": "L9y57actqfoOzbR3THFc4Q=="
		},
		"Mktg": {
			"password": "PwxOb9h1EfIfyy1HSAxmow=="
		},
		"test1": {
			"password": "eEeehfIOKRw7MKEe02IH6w=="
		},
		"James": {
			"password": "zLBPspD8nKky7ZbwtMn8SQ=="
		},
		"One": {
			"password": "vDeJvM6qpLjuCQ7N3WaiSQ=="
		},
		"default": {},
		"madd": {
			"password": "bsbXSzCZ8Ji3SUwPvuE0Uw=="
		},
		"basicc": {
			"password": "Xa0EFs7PdPOU2ngO8RZUVw=="
		}
	},
	"groups": {
		"ListRecords Advertising": {
			"users": [
				"Designer"
			]
		},
		"A_ReviewRecord Registration": {
			"users": [
				"Designer",
				"Administrator",
				"test1"
			]
		},
		"MassApplyEncounter": {
			"users": [
				"Designer"
			]
		},
		"AccountingAdmin": {
			"users": [
				"Designer"
			]
		},
		"ModifyRecord Order": {
			"users": [
				"Designer"
			]
		},
		"ListRecords Speaker": {
			"users": [
				"Designer"
			]
		},
		"ListRecords Exhibitor": {
			"users": [
				"Designer"
			]
		},
		"ReviewRecord Committee": {
			"users": [
				"Designer"
			]
		},
		"A_ListRecords Exhibitor": {
			"users": [
				"Designer",
				"Administrator",
				"test1"
			]
		},
		"A_EncounterSecurity": {
			"users": [
				"Designer",
				"Administrator",
				"WebMaster",
				"test1"
			]
		},
		"A_Administration": {
			"users": [
				"Designer",
				"Administrator",
				"FaxWorker",
				"WebMaster",
				"MiscWorker",
				"Worker",
				"SMTPworker",
				"test1"
			]
		},
		"ReviewRecord BatchReciept": {
			"users": [
				"Designer"
			]
		},
		"AddRecord OrganizationSetup": {
			"users": [
				"Designer"
			]
		},
		"MassDeactivateMembers": {
			"users": [
				"Designer"
			]
		},
		"ListRecords Publication": {
			"users": [
				"Designer"
			]
		},
		"MassApplyKeyword": {
			"users": [
				"Designer"
			]
		},
		"AccountingControl": {
			"users": [
				"Designer"
			]
		},
		"A_ListRecords Company": {
			"users": [
				"Designer",
				"Administrator",
				"test1"
			]
		},
		"A_ListRecords Project": {
			"users": [
				"Designer",
				"Administrator",
				"test1"
			]
		},
		"A_ReviewRecord Publication": {
			"users": [
				"Designer",
				"Administrator",
				"test1"
			]
		},
		"A_ReviewRecord AccountingSetup": {
			"users": [
				"Designer",
				"Administrator"
			]
		},
		"MassProcessOrder": {
			"users": [
				"Designer"
			]
		},
		"REUSE5": {},
		"ModifyRecord Questionnaire": {
			"users": [
				"Designer"
			]
		},
		"A_ReviewRecord Committee": {
			"users": [
				"Designer",
				"Administrator",
				"test1"
			]
		},
		"AddRecord Registration": {
			"users": [
				"Designer"
			]
		},
		"A_REUSE10": {},
		"ReviewRecord OrganizationSetup": {
			"users": [
				"Designer"
			]
		},
		"ModifyRecord Speaker": {
			"users": [
				"Designer"
			]
		},
		"ModifyRecord Exhibitor": {
			"users": [
				"Designer"
			]
		},
		"ListRecords Committee": {
			"users": [
				"Designer"
			]
		},
		"ReviewRecord WorkGroup": {
			"users": [
				"Designer"
			]
		},
		"A_ModifyRecord Person": {
			"users": [
				"Designer",
				"Administrator",
				"test1"
			]
		},
		"A_ReviewRecord Order": {
			"users": [
				"Designer",
				"Administrator",
				"test1"
			]
		},
		"ReviewRecord Exhibitor": {
			"users": [
				"Designer"
			]
		},
		"ReviewRecord Speaker": {
			"users": [
				"Designer"
			]
		},
		"AddRecord Inventory": {
			"users": [
				"Designer"
			]
		},
		"ModifyRecord Advertising": {
			"users": [
				"Designer"
			]
		},
		"ORG_USER_GROUP_13future": {},
		"ModifyRecord Company": {
			"users": [
				"Designer"
			]
		},
		"ModifyRecord Project": {
			"users": [
				"Designer"
			]
		},
		"ReviewRecord Invoice": {
			"users": [
				"Designer"
			]
		},
		"ListRecords Transaction": {
			"users": [
				"Designer"
			]
		},
		"ORG_USER_GROUP_12future": {},
		"ModifyRecords": {
			"users": [
				"Designer"
			]
		},
		"A_ModifyRecord Inventory": {
			"users": [
				"Designer",
				"Administrator",
				"test1"
			]
		},
		"ListRecords Invoice": {
			"users": [
				"Designer"
			]
		},
		"AddRecord ConferenceSetup": {
			"users": [
				"Designer"
			]
		},
		"ListRecords Person": {
			"users": [
				"Designer"
			]
		},
		"Design": {
			"users": [
				"Designer",
				"FaxWorker",
				"MiscWorker",
				"Worker",
				"SMTPworker"
			]
		},
		"REUSE11": {},
		"ModifyRecord OrganizationSetup": {
			"users": [
				"Designer"
			]
		},
		"ReviewRecord AccountingSetup": {
			"users": [
				"Designer"
			]
		},
		"A_ListRecords Reciept": {
			"users": [
				"Designer",
				"Administrator",
				"test1"
			]
		},
		"Workers": {
			"users": [
				"Designer",
				"FaxWorker",
				"WebMaster",
				"MiscWorker",
				"Worker",
				"SMTPworker"
			],
			"groups": [
				"Design",
				"Administration"
			]
		},
		"ReviewRecord WebRegistration": {
			"users": [
				"Designer"
			]
		},
		"MemberPassword": {
			"users": [
				"Designer"
			]
		},
		"A_PRGRP_future": {},
		"A_MembershipAdmin": {
			"users": [
				"Designer",
				"Administrator",
				"test1"
			]
		},
		"REUSE6": {},
		"A_ModifyRecord Project": {
			"users": [
				"Designer",
				"Administrator",
				"test1"
			]
		},
		"A_ModifyRecord Company": {
			"users": [
				"Designer",
				"Administrator",
				"WebMaster",
				"test1"
			]
		},
		"A_ListRecords Registration": {
			"users": [
				"Designer",
				"Administrator",
				"test1"
			]
		},
		"Web_Administrator": {
			"users": [
				"Designer",
				"WebMaster"
			]
		},
		"A_ModifyRecord Transaction": {
			"users": [
				"Designer",
				"Administrator",
				"test1"
			]
		},
		"REUSE7": {
			"users": [
				"FaxWorker",
				"WebMaster",
				"MiscWorker",
				"Worker",
				"SMTPworker"
			]
		},
		"A_ReviewRecord ProjTempSetup": {
			"users": [
				"Designer",
				"Administrator",
				"test1"
			]
		},
		"A_ModifyRecord Speaker": {
			"users": [
				"Designer",
				"Administrator",
				"test1"
			]
		},
		"A_ModifyRecord Exhibitor": {
			"users": [
				"Designer",
				"Administrator",
				"test1"
			]
		},
		"ListRecords Order": {
			"users": [
				"Designer"
			]
		},
		"A_CHPTR_future": {},
		"ReviewRecord Reciept": {
			"users": [
				"Designer"
			]
		},
		"ReviewRecord Order": {
			"users": [
				"Designer"
			]
		},
		"ModifyRecord Person": {
			"users": [
				"Designer"
			]
		},
		"A_ConferenceAdmin": {
			"users": [
				"Designer",
				"Administrator",
				"test1"
			]
		},
		"ListRecords Company": {
			"users": [
				"Designer"
			]
		},
		"ListRecords Project": {
			"users": [
				"Designer"
			]
		},
		"A_ReviewRecord Inventory": {
			"users": [
				"Designer",
				"Administrator",
				"test1"
			]
		},
		"ModifyRecord WebRegistration": {
			"users": [
				"Designer"
			]
		},
		"MassPostInvoice": {
			"users": [
				"Designer"
			]
		},
		"ReviewRecord ProjTempSetup": {
			"users": [
				"Designer"
			]
		},
		"REUSE4": {},
		"ModifyRecord Inventory": {
			"users": [
				"Designer"
			]
		},
		"A_MassDeleteKeyword": {
			"users": [
				"Designer",
				"Administrator",
				"test1"
			]
		},
		"Administration": {
			"users": [
				"Designer",
				"FaxWorker",
				"MiscWorker",
				"Worker",
				"SMTPworker"
			]
		},
		"A_DeleteRecords": {
			"users": [
				"Designer",
				"Administrator",
				"test1"
			]
		},
		"A_MemberShipControl": {
			"users": [
				"Designer",
				"Administrator",
				"WebMaster",
				"test1"
			]
		},
		"AccountingAdmin Reports": {
			"users": [
				"Designer"
			]
		},
		"A_ModifyRecord AccountingSetup": {
			"users": [
				"Designer",
				"Administrator"
			]
		},
		"MemberShipControl": {
			"users": [
				"Designer"
			]
		},
		"MassDelete": {
			"users": [
				"Designer"
			]
		},
		"ListRecords BatchReciept": {
			"users": [
				"Designer"
			]
		},
		"ModifyRecord AccountingSetup": {
			"users": [
				"Designer"
			]
		},
		"ModifyRecord Publication": {
			"users": [
				"Designer"
			]
		},
		"addRecords": {
			"users": [
				"Designer"
			]
		},
		"AddRecord WorkGroup": {
			"users": [
				"Designer"
			]
		},
		"ConferenceAdmin": {
			"users": [
				"Designer"
			]
		},
		"DeleteRecords": {
			"users": [
				"Designer"
			]
		},
		"ModifyRecord Registration": {
			"users": [
				"Designer"
			]
		},
		"ReviewRecord Advertising": {
			"users": [
				"Designer"
			]
		},
		"ModifyRecord ConferenceSetup": {
			"users": [
				"Designer"
			]
		},
		"ListRecords WebRegistration": {
			"users": [
				"Designer"
			]
		},
		"ReviewRecord Company": {
			"users": [
				"Designer"
			]
		},
		"ReviewRecord Project": {
			"users": [
				"Designer"
			]
		},
		"A_ListRecords WebRegistration": {
			"users": [
				"Designer",
				"Administrator",
				"test1"
			]
		},
		"ListRecords Label": {
			"users": [
				"Designer"
			]
		},
		"A_MassDelete": {
			"users": [
				"Designer",
				"Administrator",
				"test1"
			]
		},
		"ListRecords WorkGroup": {
			"users": [
				"Designer"
			]
		},
		"AddRecord Order": {
			"users": [
				"Designer"
			]
		},
		"ListRecords Questionnaire": {
			"users": [
				"Designer"
			]
		},
		"ConferenceControl": {
			"users": [
				"Designer"
			]
		},
		"A_ModifyRecord Advertising": {
			"users": [
				"Designer",
				"Administrator",
				"test1"
			]
		},
		"A_AddRecords": {
			"users": [
				"Designer",
				"Administrator",
				"test1"
			]
		},
		"A_ListRecords Questionnaire": {
			"users": [
				"Designer",
				"Administrator",
				"test1"
			]
		},
		"A_ModifyRecord ProjTempSetup": {
			"users": [
				"Designer",
				"Administrator",
				"test1"
			]
		},
		"MembershipAdmin Reports": {
			"users": [
				"Designer"
			]
		},
		"AddRecord WebRegistration": {
			"users": [
				"Designer"
			]
		},
		"A_REUSE9": {},
		"ModifyRecord Committee": {
			"users": [
				"Designer"
			]
		},
		"ModifyRecord Invoice": {
			"users": [
				"Designer"
			]
		},
		"A_ReviewRecord WebRegistration": {
			"users": [
				"Designer",
				"Administrator",
				"test1"
			]
		},
		"ListRecords Reciept": {
			"users": [
				"Designer"
			]
		},
		"ReviewRecord Registration": {
			"users": [
				"Designer"
			]
		},
		"ModifyRecord BatchReciept": {
			"users": [
				"Designer"
			]
		},
		"AddRecord Publication": {
			"users": [
				"Designer"
			]
		},
		"AddRecord AccountingSetup": {
			"users": [
				"Designer"
			]
		},
		"ModifyRecord ProjTempSetup": {
			"users": [
				"Designer"
			]
		},
		"AddRecord Company": {
			"users": [
				"Designer"
			]
		},
		"AddRecord Project": {
			"users": [
				"Designer"
			]
		},
		"ModifyRecord Reciept": {
			"users": [
				"Designer"
			]
		},
		"A_ReviewRecord Company": {
			"users": [
				"Designer",
				"Administrator",
				"test1"
			]
		},
		"A_ReviewRecord Project": {
			"users": [
				"Designer",
				"Administrator",
				"test1"
			]
		},
		"A_AddRecord Company": {
			"users": [
				"Designer",
				"Administrator",
				"test1"
			]
		},
		"A_AddRecord Project": {
			"users": [
				"Designer",
				"Administrator",
				"test1"
			]
		},
		"A_MassApplyEncounter": {
			"users": [
				"Designer",
				"Administrator",
				"test1"
			]
		},
		"ReviewRecord Person": {
			"users": [
				"Designer"
			]
		},
		"ModifyRecord Journal": {
			"users": [
				"Designer"
			]
		},
		"A_ModifyRecord WebRegistration": {
			"users": [
				"Designer",
				"Administrator",
				"test1"
			]
		},
		"ORG_USER_GROUP_11future": {},
		"AddRecord Exhibitor": {
			"users": [
				"Designer"
			]
		},
		"AddRecord Speaker": {
			"users": [
				"Designer"
			]
		},
		"ORG_USER_GROUP_4future": {},
		"ListRecords Registration": {
			"users": [
				"Designer"
			]
		},
		"MassDeleteKeyword": {
			"users": [
				"Designer"
			]
		},
		"AddRecord Committee": {
			"users": [
				"Designer"
			]
		},
		"AddRecord ProjTempSetup": {
			"users": [
				"Designer"
			]
		},
		"A_ListRecords Order": {
			"users": [
				"Designer",
				"Administrator",
				"test1"
			]
		},
		"REUSE3": {},
		"A_AddRecord ProjTempSetup": {
			"users": [
				"Designer",
				"Administrator",
				"test1"
			]
		},
		"ORG_USER_GROUP_2future": {},
		"A_ModifyRecord Committee": {
			"users": [
				"Designer",
				"Administrator",
				"test1"
			]
		},
		"A_ConferenceControl": {
			"users": [
				"Designer",
				"Administrator",
				"test1"
			]
		},
		"ReviewRecord Questionnaire": {
			"users": [
				"Designer"
			]
		},
		"A_ListRecords Transaction": {
			"users": [
				"Designer",
				"Administrator",
				"test1"
			]
		},
		"AddRecord Questionnaire": {
			"users": [
				"Designer"
			]
		},
		"A_ListRecords Invoice": {
			"users": [
				"Designer",
				"Administrator",
				"test1"
			]
		},
		"ORG_USER_GROUP_3future": {},
		"ORG_USER_GROUP_5future": {},
		"A_AddRecord BatchReciept": {
			"users": [
				"Designer",
				"Administrator",
				"test1"
			]
		},
		"A_AccountingAdmin": {
			"users": [
				"Designer",
				"Administrator",
				"test1"
			]
		},
		"ORG_USER_GROUP_6future": {},
		"A_ModifyRecord Reciept": {
			"users": [
				"Designer",
				"Administrator",
				"test1"
			]
		},
		"ORG_USER_GROUP_7future": {},
		"A_AddRecord Inventory": {
			"users": [
				"Designer",
				"Administrator",
				"test1"
			]
		},
		"ORG_USER_GROUP_9future": {},
		"A_ReviewRecord ConferenceSetup": {
			"users": [
				"Designer",
				"Administrator",
				"test1"
			]
		},
		"A_ReviewRecord OrganizationSet": {
			"users": [
				"Designer",
				"Administrator",
				"WebMaster",
				"test1"
			]
		},
		"A_ReviewRecord Exhibitor": {
			"users": [
				"Designer",
				"Administrator",
				"test1"
			]
		},
		"ModifyRecord Transaction": {
			"users": [
				"Designer"
			]
		},
		"A_MassDeactivate Members": {
			"users": [
				"Designer",
				"Administrator",
				"test1"
			]
		},
		"A_AddRecord OrganizationSetup": {
			"users": [
				"Designer",
				"Administrator",
				"WebMaster",
				"test1"
			]
		},
		"A_ListRecords WorkGroup": {
			"users": [
				"Designer",
				"Administrator",
				"test1"
			]
		},
		"A_ModifyRecord Journal": {
			"users": [
				"Designer",
				"Administrator",
				"test1"
			]
		},
		"A_ModifyRecord OrganizationSet": {
			"users": [
				"Designer",
				"Administrator",
				"WebMaster",
				"test1"
			]
		},
		"A_ModifyRecord ConferenceSetup": {
			"users": [
				"Designer",
				"Administrator",
				"test1"
			]
		},
		"A_MassProcessOrder": {
			"users": [
				"Designer",
				"Administrator",
				"test1"
			]
		},
		"A_ReviewRecord WorkGroup": {
			"users": [
				"Designer",
				"Administrator",
				"test1"
			]
		},
		"A_AccountingControl": {
			"users": [
				"Designer",
				"Administrator",
				"test1"
			]
		},
		"AddRecord Advertising": {
			"users": [
				"Designer"
			]
		},
		"A_ReviewRecord Person": {
			"users": [
				"Designer",
				"Administrator",
				"test1"
			]
		},
		"ModifyRecord WorkGroup": {
			"users": [
				"Designer"
			]
		},
		"A_AddRecord Questionnaire": {
			"users": [
				"Designer",
				"Administrator",
				"test1"
			]
		},
		"A_AddRecord AccountingSetup": {
			"users": [
				"Designer",
				"Administrator",
				"test1"
			]
		},
		"A_AddRecord Publication": {
			"users": [
				"Designer",
				"Administrator",
				"test1"
			]
		},
		"A_ListRecords Inventory": {
			"users": [
				"Designer",
				"Administrator",
				"test1"
			]
		},
		"A_AddRecord Exhibitor": {
			"users": [
				"Designer",
				"Administrator",
				"test1"
			]
		},
		"A_ListRecords BatchReciept": {
			"users": [
				"Designer",
				"Administrator",
				"test1"
			]
		},
		"A_AddRecord Person": {
			"users": [
				"Designer",
				"Administrator",
				"test1"
			]
		},
		"A_MembershipAdmin Reports": {
			"users": [
				"Designer",
				"Administrator",
				"WebMaster",
				"test1"
			]
		},
		"A_MassApplyKeyword": {
			"users": [
				"Designer",
				"Administrator",
				"test1"
			]
		},
		"A_ReviewRecord BatchReciept": {
			"users": [
				"Designer",
				"Administrator",
				"test1"
			]
		},
		"ORG_USER_GROUP_1future": {},
		"AddRecord Person": {
			"users": [
				"Designer"
			]
		},
		"ORG_USER_GROUP_8future": {},
		"A_AddRecord Advertising": {
			"users": [
				"Designer",
				"Administrator",
				"test1"
			]
		},
		"A_MassPostInvoice": {
			"users": [
				"Designer",
				"Administrator",
				"test1"
			]
		},
		"A_CHPTR_UNASSIGNED": {
			"users": [
				"Designer",
				"Administrator",
				"FaxWorker",
				"WebMaster",
				"MiscWorker",
				"Worker",
				"SMTPworker"
			]
		},
		"ListRecords Inventory": {
			"users": [
				"Designer"
			]
		},
		"A_ReviewRecord Advertising": {
			"users": [
				"Designer",
				"Administrator",
				"test1"
			]
		},
		"A_AddRecord WorkGroup": {
			"users": [
				"Designer",
				"Administrator",
				"test1"
			]
		},
		"A_AddRecord Order": {
			"users": [
				"Designer",
				"Administrator",
				"test1"
			]
		},
		"ReviewRecord Inventory": {
			"users": [
				"Designer"
			]
		},
		"A_ReviewRecord Speaker": {
			"users": [
				"Designer",
				"Administrator",
				"test1"
			]
		},
		"A_ListRecords Committee": {
			"users": [
				"Designer",
				"Administrator",
				"test1"
			]
		},
		"A_ListRecords Publication": {
			"users": [
				"Designer",
				"Administrator",
				"test1"
			]
		},
		"A_ReviewRecord Reciept": {
			"users": [
				"Designer",
				"Administrator",
				"test1"
			]
		},
		"A_AddRecord ConferenceSetup": {
			"users": [
				"Designer",
				"Administrator",
				"test1"
			]
		},
		"AddRecord BatchReciept": {
			"users": [
				"Designer"
			]
		},
		"New group1": {
			"users": [
				"Administrator"
			]
		},
		"A_ConferenceAdmin Reports": {
			"users": [
				"Designer",
				"Administrator",
				"test1"
			]
		},
		"A_ModifyRecord Questionnaire": {
			"users": [
				"Designer",
				"Administrator",
				"test1"
			]
		},
		"MembershipAdmin": {
			"users": [
				"Designer"
			]
		},
		"ORG_USER_GROUP_10future": {},
		"A_ModifyRecord WorkGroup": {
			"users": [
				"Designer",
				"Administrator",
				"test1"
			]
		},
		"A_ListRecords Speaker": {
			"users": [
				"Designer",
				"Administrator",
				"test1"
			]
		},
		"REUSE8": {},
		"A_ReviewRecord Invoice": {
			"users": [
				"Designer",
				"Administrator",
				"test1"
			]
		},
		"ConferenceAdmin Reports": {
			"users": [
				"Designer"
			]
		},
		"A_AddRecord Committee": {
			"users": [
				"Designer",
				"Administrator",
				"test1"
			]
		},
		"A_ListRecords Advertising": {
			"users": [
				"Designer",
				"Administrator",
				"test1"
			]
		},
		"A_AddRecord Registration": {
			"users": [
				"Designer",
				"Administrator",
				"test1"
			]
		},
		"A_ModifyRecord Order": {
			"users": [
				"Designer",
				"Administrator",
				"test1"
			]
		},
		"A_AddRecord Reciept": {
			"users": [
				"Designer",
				"Administrator",
				"test1"
			]
		},
		"A_AddRecord WebRegistration": {
			"users": [
				"Designer",
				"Administrator",
				"test1"
			]
		},
		"A_AddRecord Speaker": {
			"users": [
				"Designer",
				"Administrator",
				"test1"
			]
		},
		"ListRecords Journal": {
			"users": [
				"Designer"
			]
		},
		"A_ListRecords Person": {
			"users": [
				"Designer",
				"Administrator",
				"test1"
			]
		},
		"A_ModRecord Publication": {
			"users": [
				"Designer",
				"Administrator",
				"test1"
			]
		},
		"ReviewRecord ConferenceSetup": {
			"users": [
				"Designer"
			]
		},
		"AddRecord Reciept": {
			"users": [
				"Designer"
			]
		},
		"A_AddRecord Invoice": {
			"users": [
				"Designer",
				"Administrator",
				"test1"
			]
		},
		"A_ListRecords Label": {
			"users": [
				"Designer",
				"Administrator",
				"test1"
			]
		},
		"A_ListRecords Journal": {
			"users": [
				"Designer",
				"Administrator",
				"test1"
			]
		},
		"A_ModifyRecord BatchReciept": {
			"users": [
				"Designer",
				"Administrator",
				"test1"
			]
		},
		"A_ModifyRecord Invoice": {
			"users": [
				"Designer",
				"Administrator",
				"test1"
			]
		},
		"A_ModifyRecords": {
			"users": [
				"Designer",
				"Administrator",
				"test1"
			]
		},
		"AddRecord Invoice": {
			"users": [
				"Designer"
			]
		},
		"A_ReviewRecord Questionnaire": {
			"users": [
				"Designer",
				"Administrator",
				"test1"
			]
		},
		"A_ModifyRecord Registration": {
			"users": [
				"Designer",
				"Administrator",
				"test1"
			]
		},
		"A_AccountingAdmin Reports": {
			"users": [
				"Designer",
				"Administrator",
				"WebMaster",
				"test1"
			]
		}
	},
	"sqlSchemaGranters": {
		"DEFAULT_SCHEMA": {
			"readOnlyAccessGroup": "*",
			"readWriteAccessGroup": "*",
			"allAccessGroup": ""
		}
	},
	"remoteGranters": {
		"web": "*",
		"soap": "*",
		"oci": "*",
		"write": "*",
		"view": "*",
		"odbcPro": "*"
	},
	"settings": {
		"localGenericWebUser": "Designer",
		"designAccessGroup": "Design",
		"localMobileAccessGroupRW": "*",
		"remoteMobileAccessGroupRW": "*",
		"remoteGenericWebUser": "Designer",
		"remoteDefaultUser": ""
	}
}