<?xml version="1.0" encoding="UTF-8" standalone="no" ?>
<OfficeBindings DocPath="C:\Documents and Settings\Administrator\Application Data\4D\DevMbrMax092905.4DB_10_0_0_3\Extras\Templates\Word\DarkBlue5.xml">

  <Variable BoundTo="" Cfield="0" Ctype="" LoopingOn="" Name="OFOBJL_TableName"/>

  <Variable BoundTo="LFMname" Cfield="0" Ctype="Field" LoopingOn="" Name="OFOBJL_Title1"/>

  <Variable BoundTo="Company Name" Cfield="0" Ctype="Field" LoopingOn="" Name="OFOBJL_Title2"/>

  <Variable BoundTo="Phone" Cfield="0" Ctype="Field" LoopingOn="" Name="OFOBJL_Title3"/>

  <Variable BoundTo="Fax" Cfield="0" Ctype="Field" LoopingOn="" Name="OFOBJL_Title4"/>

  <Variable BoundTo="EMail1" Cfield="0" Ctype="Field" LoopingOn="" Name="OFOBJL_Title5"/>

  <Array BoundTo="LFMname" Cfield="56" Ctype="Field" LoopingOn="OFOBJL_Numrecs" Name="OFOBJL_Myfield1{OFOBJL_Numrecs}"/>

  <Array BoundTo="Company Name" Cfield="7" Ctype="Field" LoopingOn="OFOBJL_Numrecs" Name="OFOBJL_Myfield2{OFOBJL_Numrecs}"/>

  <Array BoundTo="Phone" Cfield="22" Ctype="Field" LoopingOn="OFOBJL_Numrecs" Name="OFOBJL_Myfield3{OFOBJL_Numrecs}"/>

  <Array BoundTo="Fax" Cfield="23" Ctype="Field" LoopingOn="OFOBJL_Numrecs" Name="OFOBJL_Myfield4{OFOBJL_Numrecs}"/>

  <Array BoundTo="EMail1" Cfield="45" Ctype="Field" LoopingOn="OFOBJL_Numrecs" Name="OFOBJL_Myfield5{OFOBJL_Numrecs}"/>

  <Array BoundTo="PERSON" Cfield="8" Ctype="Table" LoopingOn="" Name="NumRecs"/>

</OfficeBindings>
