﻿<?xml version="1.0" encoding="UTF-8" standalone="no" ?>
<CacheFiles xmlns="http://namespace/reserved/2004/cache">

  <File>
    <ArchiveName>Templates.4darchive</ArchiveName>
    <Name>Templates</Name>
    <Type>Folder</Type>
    <Contents>170577831509081129317057783150908106215284543822</Contents>
  </File>

  <File>
    <ArchiveName>Support.4darchive</ArchiveName>
    <Name>Support</Name>
    <Type>Folder</Type>
    <Contents>398014940187854397039801491958740446164132562480</Contents>
  </File>

  <File>
    <ArchiveName>Scripts.4darchive</ArchiveName>
    <Name>Scripts</Name>
    <Type>Folder</Type>
    <Contents>284296385848468193528429637211483415391684253216</Contents>
  </File>

  <File>
    <ArchiveName>Preferences.4darchive</ArchiveName>
    <Name>Preferences</Name>
    <Type>Folder</Type>
    <Contents>3980149401878537141398014940187853560919863398922</Contents>
  </File>

  <File>
    <ArchiveName>Object Library.4darchive</ArchiveName>
    <Name>Object Library</Name>
    <Type>Folder</Type>
    <Contents>170577831509080338717057782464226337111180939480</Contents>
  </File>

  <File>
    <ArchiveName>ZipBasic.4darchive</ArchiveName>
    <Name>ZipBasic.zdt</Name>
    <Type>File</Type>
    <Contents>5685927716969333225685927373628476484455559</Contents>
  </File>

  <version>11</version>

</CacheFiles>
