﻿{
	"(Error Handler)": {
		"methods": [
			"(ERROR_FILE_SYSTEM)",
			"(ERROR_ICU)",
			"(ERROR_XALAN)",
			"(ERROR_XERCES)"
		]
	},
	"(JSON)": {
		"methods": [
			"(JSON_Get_data)",
			"(JSON)"
		]
	},
	"(OAuth 1.0)": {
		"methods": [
			"(OAUTH1_Authenticate)",
			"(OAUTH1_Authorize)",
			"(OAUTH1_Dialog_access_token)",
			"(OAUTH1_Get_authorization)",
			"(OAUTH1_Get_tokens)",
			"(OAUTH1_Get)",
			"(OAUTH1_Post_authorization)",
			"(OAUTH1_Post_multi)",
			"(OAUTH1_Post)",
			"(OAUTH1_Put_authorization)",
			"(OAUTH1_Put)",
			"(OAUTH1_TOKEN_Clear)",
			"(OAUTH1_TOKEN_Load)",
			"(OAUTH1_TOKEN_Save)",
			"(OAUTH1)"
		]
	},
	"(OAuth 2.0)": {
		"methods": [
			"(OAUTH2_Authenticate)",
			"(OAUTH2_Authorize)",
			"(OAUTH2_Delete)",
			"(OAUTH2_Dialog_access_token)",
			"(OAUTH2_Get_tokens)",
			"(OAUTH2_Get)",
			"(OAUTH2_Post_multi)",
			"(OAUTH2_Post)",
			"(OAUTH2_Put)",
			"(OAUTH2_Refresh)",
			"(OAUTH2_TOKEN_Clear)",
			"(OAUTH2_TOKEN_Load)",
			"(OAUTH2_TOKEN_Save)",
			"(OAUTH2)"
		]
	},
	"(OAuth)": {
		"methods": [
			"(DIALOG_Generic_web_browser)",
			"(OAUTH_Execute_function)",
			"(OAUTH_TOKEN_List)"
		],
		"forms": [
			"(Generic Web Browser)"
		]
	},
	"(System Global)": {
		"methods": [
			"(Folder)",
			"(Offset_to_GMT)"
		],
		"forms": [
			"(Admin)"
		]
	},
	"A2Z": {
		"methods": [
			"A2ZCheckExhibitorStatus",
			"A2ZisConfSetup",
			"getExhbAllCmpCntctRep",
			"getExhbCmpContactJobFunc",
			"getExhbCompBoothStatKeyFlag",
			"SoapClient_A2ZExhibBoothStatus",
			"SoapClient_A2ZExhibOrdersImport",
			"SoapService_A2ZAllExbCmpDetails",
			"SoapService_A2ZCompanyContact",
			"SoapService_A2ZExhibAllCmpDtail",
			"SoapService_A2ZExhibCompDetail",
			"SoapService_A2ZExhibCompList"
		]
	},
	"Accumatch": {
		"methods": [
			"Accumatch_GetDistricts",
			"Accumatch_GetDistrictsByZip",
			"Accumatch_GetOfficialsByZip"
		]
	},
	"AuthorPublishers": {
		"tables": [
			"Authors",
			"Publishers"
		],
		"methods": [
			"Author_Method",
			"Inv_AlpAddNewAuthor",
			"Inv_AlpAddNewPublisher",
			"Inv_Author_EnterCallback",
			"Inv_Author_ExitCallback",
			"Inv_Author_INFMT",
			"Inv_Author_Init",
			"Inv_Author_SelToArray",
			"Inv_Publisher_EnterCallback",
			"Inv_Publisher_ExitCallback",
			"Inv_Publisher_INFMT"
		]
	},
	"Cicero": {
		"methods": [
			"SoapClient_GetDistrictsByAddr",
			"SoapClient_GetOfficialByDistID",
			"SoapClient_GetToken",
			"SoapClient_ValidateToken"
		]
	},
	"CongressMerge": {
		"methods": [
			"CongMerg_alpDistrict_INFMT",
			"CongMerg_alpDistrict_SelToArray",
			"CongMerg_alpObject_Method",
			"CongMerg_District_Init",
			"CongMerg_FormMethod",
			"CongMerg_GetCongressionData",
			"CongMerg_GetRepBio",
			"CongMerg_GetRepData",
			"CongMerg_GetRepDCInfo",
			"CongMerg_GetRepDistInfo",
			"CongMerg_GetRepList",
			"CongMerg_GetSenatDistInfo",
			"CongMerg_GetSenatorBio",
			"CongMerg_GetSenatorDCInfo",
			"CongMerg_GetSenatorList",
			"CongMerg_Validate",
			"CongMerg_WriteToCommiteeTable",
			"CongMerg_WriteToCongrTable",
			"CongMerg_WriteToDistrictTable"
		]
	},
	"CongressWeb": {
		"methods": [
			"CongWeb_ImportLegislators"
		]
	},
	"Connector": {
		"methods": [
			"Connector_CheckFileHash",
			"Connector_DownloadChunk",
			"Connector_GetAuthenticationKey",
			"Connector_GetAutoRunSettings",
			"Connector_UploadZipFile"
		]
	},
	"ConstantContact": {
		"methods": [
			"ConstantContact_accountinfo",
			"Web_ConstantContact"
		]
	},
	"Datasync": {
		"methods": [
			"DataSync_AddGroupList",
			"DataSync_GetAllFields",
			"DataSync_GetBitCheckInfo",
			"DataSync_UpdateUser",
			"DataSync_UpdateUserInformation"
		]
	},
	"GenRoSyn": {
		"tables": [
			"GNS_Sync"
		],
		"methods": [
			"GenRoSync_Startup"
		]
	},
	"ListServ": {
		"tables": [
			"ListServChapters",
			"ListServCountries",
			"ListServDefinition",
			"ListServDefinition__Fees",
			"ListServJobFunctions",
			"ListServKeywords",
			"ListServSecondaryDues",
			"ListServStates",
			"ListServSubscribers",
			"ListServToBan",
			"ListServToCommSetup",
			"ListServToMbrType",
			"ListServWebAdmin"
		],
		"methods": [
			"alp_ListServToBan_INFMT",
			"alp_ListServToBan_Init",
			"alp_ListServToBan_Method",
			"alp_ListServToBan_SelToArray",
			"alp_ListServToComm_INFMT",
			"alp_ListServToComm_Init",
			"alp_ListServToComm_Method",
			"alp_ListServToComm_SelToArray",
			"alp_ListServToMbrType_Init",
			"alp_ListServToMbrType_Method",
			"alp_ListServToMbrType_SelToArra",
			"alp_ListServWebAdmin_INFMT",
			"alp_ListServWebAdmin_Init",
			"alp_ListServWebAdmin_Method",
			"alp_ListServWebAdmin_SelToArray",
			"Findby_ListSubcribers",
			"ListServ_alpChapters_INFMT",
			"ListServ_alpChapters_Init",
			"ListServ_alpChapters_SelToArray",
			"ListServ_alpCountry_INFMT",
			"ListServ_alpCountry_Init",
			"ListServ_alpCountry_SelToArray",
			"ListServ_alpJobFunc_INFMT",
			"ListServ_alpJobFunc_Init",
			"ListServ_alpJobFunc_SelToArray",
			"ListServ_alpSecDue_INFMT",
			"ListServ_alpSecDue_Init",
			"ListServ_alpSecDue_SelToArray",
			"ListServ_alpStates_INFMT",
			"ListServ_alpStates_Init",
			"ListServ_alpStates_SelToArray",
			"ListServ_BuildEmailPopup",
			"ListServ_BuildEmailText",
			"ListServ_BuildForumLink",
			"ListServ_cbBanExit",
			"ListServ_cbChapterExit",
			"ListServ_cbCommExit",
			"ListServ_cbDLGEnter",
			"ListServ_cbDLGExit",
			"ListServ_cbEnter",
			"ListServ_cbExit",
			"ListServ_cbMbrEnter",
			"ListServ_cbMbrExit",
			"ListServ_cbWebAdminExit",
			"ListServ_ChangAddress",
			"ListServ_ChangeDefaultEmail",
			"ListServ_ChangeEmailAddress",
			"ListServ_Chapters_Method",
			"ListServ_ClearInviteHistory",
			"ListServ_Country_Method",
			"ListServ_CVSExportSync",
			"ListServ_FormMethod",
			"ListServ_GetAllPossibleLists",
			"ListServ_GetDefaultEmail",
			"ListServ_HandleQuedRequests",
			"ListServ_HandleSubs",
			"ListServ_INFMT",
			"ListServ_Init",
			"ListServ_Interface_Validate",
			"ListServ_InterfaceControls",
			"ListServ_InviteSubsControl",
			"ListServ_IsAddressInUse",
			"ListServ_isCurrentChapterRole",
			"ListServ_isCurrentCommRole",
			"ListServ_isCurrentSecondaryDues",
			"ListServ_JobFunc_Method",
			"ListServ_LyrisDeleteMember",
			"ListServ_LyrisEmailOnWhatLists",
			"ListServ_LyrisSubSingle",
			"ListServ_LyrisUpdatePassword",
			"ListServ_MassApplyRuleChange",
			"ListServ_MassUpdateRules",
			"ListServ_Method",
			"ListServ_ReduceToValidSubList2",
			"ListServ_SecondaryDues_Method",
			"ListServ_SelToArray",
			"ListServ_SetDefaultEmail",
			"ListServ_SetInvitSubInterfaces",
			"ListServ_SetListForFlields",
			"ListServ_SetMemberShipControls",
			"ListServ_States_Method",
			"ListServ_SubDLG_INFMT",
			"listServ_SubDLG_Init",
			"ListServ_SubDLG_SelToArray",
			"ListServ_SubsciberMethod",
			"ListServ_Subscribe",
			"ListServ_Subscription_Method",
			"ListServ_ToggleAutoMethod",
			"ListServ_TrigrGenSubUnSub",
			"ListServ_UnSubscribe",
			"ListServ_UpdateDemoGraphics",
			"ListServ_UpdateDemograpInTrigge",
			"ListServ_UpdatePasswordInTrigge",
			"ListServ_UpdateRoles",
			"ListServChapters_Add",
			"ListServCountry_Add",
			"ListServJobFunc_Add",
			"ListServSecDues_Add",
			"ListServStates_Add",
			"ListServSub_INFMT",
			"listServSub_Init",
			"ListServSub_SelToArray",
			"ServerProcessMonitor",
			"Web_Get_ListServSubscription",
			"Web_ListServ_GetDefautEmail",
			"Web_ListServer_Search",
			"Web_ListServerDisplay",
			"Web_ListServerDisplayDefaulAddr",
			"Web_ListServUpdateEmailDefault",
			"Web_PersonListServ",
			"Web_PersonListServAdmin",
			"Web_Update_PersonListServ",
			"Webs_ListServActive",
			"zzFix670406_SetDefaultListEmail"
		],
		"forms": [
			"[ListServDefinition__Fees]Safe",
			"[ListServDefinition]Input00000",
			"[ListServDefinition]List",
			"[ListServSubscribers]Form1",
			"[ListServToBan]Input",
			"[ListServToBan]Output",
			"[ListServToCommSetup]Input",
			"[ListServToCommSetup]Output",
			"[ListServToMbrType]Input",
			"[ListServToMbrType]Output",
			"[ListServWebAdmin]Input",
			"[ListServWebAdmin]Output"
		]
	},
	"MailChimp": {
		"methods": [
			"MailChimp_accountinfo__NotInUse",
			"MailChimp_AddListMember",
			"MailChimp_getlistmembers__NotIn",
			"MailChimp_getlists",
			"MailChimp_patchlistmember",
			"MailChimp_patchlistmember_curl",
			"MailChimp_returnid",
			"MailChimp_returnlistmembers",
			"Web_MailChimp"
		]
	},
	"PayPal": {
		"methods": [
			"PayPalAddressVerify",
			"PayPalBillAgreementUpdate",
			"PayPalBillUser",
			"PayPalCreateMobilePayment",
			"PayPalDoAuthorization",
			"PayPalDoCapture",
			"PayPalDoDirectPayment",
			"PayPalDoExpressCheckoutPayment",
			"PayPalDoReauthorization",
			"PayPalDoVoid",
			"PayPalEnterBoarding",
			"PayPalGetBoardingDetails",
			"PayPalGetExpressCheckoutDetail",
			"PayPalGetMobileStatus",
			"PayPalGetTransactionDetails",
			"PayPalMassPay",
			"PayPalRefundTransaction",
			"PayPalSetExpressCheckout",
			"PayPalTransactionSearch"
		]
	},
	"SearchRecorder": {
		"methods": [
			"CC_AcctLookup",
			"CC_PlaySearch",
			"CCS_ActCntlEnableTabButtons",
			"CCS_ConfCntlEnableTabButtons",
			"CCS_ConfrLookup",
			"CCS_DisableAllToolBarButtons",
			"CCS_MbrCntlEnableTabButtons",
			"CCS_RecSearchButtonControl",
			"CCS_SearchRecorder",
			"errSearchExecuter",
			"MULTISELECT_INIT"
		]
	},
	"SoapServices": {
		"groups": [
			"A2Z",
			"Cicero",
			"CongressMerge",
			"CongressWeb",
			"SoapShell",
			"SoapUtilities"
		],
		"tables": [
			"SoapCallQue"
		],
		"methods": [
			"callUrl",
			"ProcessSoapCallQue",
			"SoapService_AddToCart",
			"SoapService_CheckMailJobStatus",
			"SoapService_CreateCeuMethod",
			"SoapService_CreateInventory",
			"SoapService_CreateKeyGrp",
			"SoapService_CreatePerson",
			"SoapService_CreateUpdatePerson",
			"SoapService_GenLexolgyEmail",
			"SoapService_GenLexolgyEmail2",
			"SoapService_GetAllCommunities",
			"SoapService_GetChangedMembers",
			"SoapService_GetCommunityMbrs",
			"SoapService_GetFileByFtp",
			"SoapService_GetGetMemberDetails",
			"SoapService_GetMbrCommunityGrps",
			"SoapService_InsertIntoKeyGrp",
			"SoapService_IsSessionAlive",
			"SoapService_KillWebSession",
			"SoapService_PersnListByPurchase",
			"SoapService_PersonAllCurrentMbr",
			"SoapService_PersonByCommittee",
			"SoapService_RequestPerson",
			"SoapService_ReturnAllChapters",
			"SoapService_ReturnAllCommittees",
			"SoapService_ReturnAllConference",
			"SoapService_ReturnAllKeyWordGrp",
			"SoapService_ReturnAllPersonSubs",
			"SoapService_ReturnAllRegistr",
			"SoapService_ReturnAllStaff",
			"SoapService_ReturnChptrForKGrp",
			"SoapService_ReturnCommitForKGrp",
			"SoapService_ReturnCompany",
			"SoapService_ReturnCompForKGrp",
			"SoapService_ReturnCompMbrTotal",
			"SoapService_ReturnCompyList",
			"SoapService_ReturnCompyList2",
			"SoapService_ReturnCompyList3",
			"SoapService_ReturnComRolePerson",
			"SoapService_ReturnCountryTotal",
			"SoapService_ReturnCountryWithMb",
			"SoapService_ReturnEmailLogon",
			"SoapService_ReturnKeysForChaptr",
			"SoapService_ReturnKeysForCommit",
			"SoapService_ReturnKeysForComp",
			"SoapService_ReturnKeysForGroups",
			"SoapService_ReturnKeysForPerson",
			"SoapService_ReturnLogonStatus",
			"SoapService_ReturnMbrByChapter",
			"SoapService_ReturnMbrByCommitte",
			"SoapService_ReturnMemberStatus",
			"SoapService_ReturnMemberTotals",
			"SoapService_ReturnPerson",
			"SoapService_ReturnPersonDump",
			"SoapService_ReturnPersonForKGrp",
			"SoapService_ReturnPersonID2",
			"SoapService_ReturnPersonIDDump",
			"SoapService_ReturnPersonList",
			"SoapService_ReturnPersonOld",
			"SoapService_ReturnPurchasedItem",
			"SoapService_ReturnUserLIst",
			"SoapService_ReturnValidStatus",
			"SoapService_SearchChapterRoles",
			"SoapService_SearchCommitteRoles",
			"SoapService_SearchPersonRecords",
			"SoapService_StaffNotification",
			"SoapService_UpdateCompany",
			"SoapService_UpdateInventory",
			"SoapService_UpdatePerson",
			"SoapService_UpdatePersonKeyWord",
			"utl_ExtractXmlToArray",
			"WebSrvLegislative_Startup",
			"WebSrvLegislative_TriggerMethod"
		]
	},
	"SoapShell": {
		"methods": [
			"SoapServer_tErrorMessages",
			"SoapService_GetRequestedMethod",
			"SoapService_SetDefaults",
			"SoapServicesBlob",
			"SoapServicesTxt",
			"Web_SoapRedirect",
			"Web_SoapRedirect2"
		]
	},
	"SoapUtilities": {
		"tables": [
			"SoapSecurity"
		],
		"methods": [
			"cbEnterSoapSecurity",
			"cbExitSoapSecurity",
			"SoapSecurity_FormMethod",
			"SoapSecurity_GrantAccess",
			"SoapSecurity_INFMT",
			"SoapSecurity_Init",
			"SoapSecurity_SelToArray",
			"SoapServiceErrNoShow",
			"SoapXmlParseError",
			"utl_ExtractAllXmlElementsSent",
			"utl_ExtractXmlElementValues",
			"XML_DatabaseDump",
			"XML_GenTableTree",
			"XML_isNotHtml",
			"XML_RecordWapper",
			"XML_RecordWapper2",
			"XML_ReplaceBadChars",
			"XML_StripBadChars",
			"XML_WriteRecord",
			"zzFix670460_UpdatePrefs",
			"zzFix670461_ACCVirtualEdu"
		]
	},
	"VoterVoice": {
		"groups": [
			"Accumatch",
			"Connector",
			"Datasync"
		]
	},
	"WebExhibitorShortCut": {
		"methods": [
			"alSelToCnfWebEXB",
			"aLWebExhibitorBfr",
			"Cnf_alWebExb_OTF",
			"Cnf_WebExbInit_OT",
			"Cnf_WEbExbIpInt_OT",
			"galWebExbOrgCnfr"
		]
	},
	"WebSubscriptions": {
		"methods": [
			"web_List_Publications",
			"Web_PubSubscriptions",
			"Web_Show_Pub_Detail"
		]
	},
	"trash": {
		"groups": [
			"(Error Handler)",
			"(JSON)",
			"(OAuth 1.0)",
			"(OAuth 2.0)",
			"(OAuth)",
			"(System Global)"
		]
	}
}