﻿{
	"bars": [
		{
			"id": 1,
			"name": "Menu Bar #1",
			"items": [
				{
					"link": 15090
				},
				{
					"link": 3115
				}
			]
		},
		{
			"id": 2,
			"name": "Menu Bar #2",
			"items": [
				{
					"link": 12100
				},
				{
					"link": 33000
				},
				{
					"link": 1102
				},
				{
					"link": 4749
				}
			]
		},
		{
			"id": 3,
			"name": "Menu Bar #3",
			"items": [
				{
					"link": 14616
				},
				{
					"link": 33000
				},
				{
					"link": 16658
				},
				{
					"link": 11824
				}
			]
		},
		{
			"id": 4,
			"name": "Menu Bar #4",
			"items": [
				{
					"link": 12889
				},
				{
					"link": 33000
				},
				{
					"link": 26358
				},
				{
					"link": 25754
				}
			]
		},
		{
			"id": 5,
			"name": "Menu Bar #5",
			"items": [
				{
					"link": 20788
				},
				{
					"link": 33000
				},
				{
					"link": 19700
				},
				{
					"link": 20516
				}
			]
		},
		{
			"id": 6,
			"name": "Menu Bar #6",
			"items": [
				{
					"link": 13617
				},
				{
					"link": 33000
				},
				{
					"link": 8914
				},
				{
					"link": 26637
				},
				{
					"link": 5451
				}
			]
		},
		{
			"id": 7,
			"name": "Menu Bar #7",
			"items": [
				{
					"link": 21557
				},
				{
					"link": 33000
				},
				{
					"link": 20611
				},
				{
					"link": 9658
				}
			]
		},
		{
			"id": 8,
			"name": "Menu Bar #8",
			"items": [
				{
					"link": 7076
				},
				{
					"link": 33000
				},
				{
					"link": 13214
				},
				{
					"link": 13516
				}
			]
		},
		{
			"id": 9,
			"name": "Menu Bar #9",
			"items": [
				{
					"link": 18921
				},
				{
					"link": 33000
				},
				{
					"link": 1523
				},
				{
					"link": 8882
				}
			]
		},
		{
			"id": 10,
			"name": "Menu Bar #10",
			"items": [
				{
					"link": 11146
				},
				{
					"link": 33000
				},
				{
					"link": 27291
				},
				{
					"link": 2041
				},
				{
					"link": 9960
				}
			]
		},
		{
			"id": 11,
			"name": "Menu Bar #11",
			"items": [
				{
					"link": 4101
				},
				{
					"link": 33000
				},
				{
					"link": 19877
				},
				{
					"link": 15451
				}
			]
		},
		{
			"id": 12,
			"name": "Menu Bar #12",
			"items": [
				{
					"link": 4434
				},
				{
					"link": 33000
				},
				{
					"link": 8111
				},
				{
					"link": 24686
				}
			]
		},
		{
			"id": 13,
			"name": "Menu Bar #13",
			"items": [
				{
					"link": 6306
				},
				{
					"link": 33000
				},
				{
					"link": 28981
				},
				{
					"link": 15130
				}
			]
		},
		{
			"id": 14,
			"name": "Menu Bar #14",
			"items": [
				{
					"link": 17130
				},
				{
					"link": 33000
				}
			]
		},
		{
			"id": 15,
			"name": "Menu Bar #15",
			"items": [
				{
					"link": 4036
				},
				{
					"link": 33000
				}
			]
		},
		{
			"id": 16,
			"name": "Menu Bar #16",
			"items": [
				{
					"link": 19066
				},
				{
					"link": 33000
				},
				{
					"link": 24144
				}
			]
		},
		{
			"id": 17,
			"name": "Menu Bar #17",
			"items": [
				{
					"link": 11746
				},
				{
					"link": 33000
				}
			]
		},
		{
			"id": 18,
			"name": "Menu Bar #18",
			"items": [
				{
					"link": 24655
				},
				{
					"link": 33000
				}
			]
		},
		{
			"id": 19,
			"name": "Menu Bar #19",
			"items": [
				{
					"link": 6818
				},
				{
					"link": 33000
				}
			]
		},
		{
			"id": 20,
			"name": "Menu Bar #20",
			"items": [
				{
					"link": 30621
				},
				{
					"link": 33000
				}
			]
		},
		{
			"id": 21,
			"name": "Menu Bar #21",
			"items": [
				{
					"link": 8667
				},
				{
					"link": 33000
				}
			]
		},
		{
			"id": 22,
			"name": "Menu Bar #22",
			"items": [
				{
					"link": 8667
				},
				{
					"link": 33000
				}
			]
		},
		{
			"id": 23,
			"name": "Menu Bar #23",
			"items": [
				{
					"link": 23665
				},
				{
					"link": 33000
				},
				{
					"link": 8320
				}
			]
		},
		{
			"id": 24,
			"name": "Menu Bar #24",
			"items": [
				{
					"link": 25193
				},
				{
					"link": 33000
				}
			]
		},
		{
			"id": 25,
			"name": "Menu Bar #25",
			"items": [
				{
					"link": 26544
				},
				{
					"link": 33000
				},
				{
					"link": 30848
				},
				{
					"link": 3100
				}
			]
		},
		{
			"id": 26,
			"name": "Menu Bar #26",
			"items": [
				{
					"link": 23495
				},
				{
					"link": 33000
				},
				{
					"link": 32629
				},
				{
					"link": 430
				}
			]
		},
		{
			"id": 27,
			"name": "Menu Bar #27",
			"items": [
				{
					"link": 10864
				},
				{
					"link": 33000
				},
				{
					"link": 21722
				},
				{
					"link": 5488
				}
			]
		},
		{
			"id": 28,
			"name": "Menu Bar #28",
			"items": [
				{
					"link": 11100
				},
				{
					"link": 33000
				}
			]
		},
		{
			"id": 29,
			"name": "Menu Bar #29",
			"items": [
				{
					"link": 27881
				},
				{
					"link": 33000
				}
			]
		},
		{
			"id": 30,
			"name": "メニューバー番号1",
			"items": [
				{
					"link": 32001
				},
				{
					"link": 32002
				},
				{
					"link": 32003
				}
			]
		},
		{
			"id": 31,
			"name": "メニューバー番号1",
			"items": [
				{
					"link": 32004
				},
				{
					"link": 32005
				},
				{
					"link": 32006
				}
			]
		}
	],
	"menus": [
		{
			"link": 15090,
			"title": "File",
			"items": [
				{
					"title": "IMPACT ASSISTANT",
					"method": "uHelpProcess",
					"shortcutAccel": true,
					"shortcutKey": "*"
				},
				{
					"isSeparator": true,
					"enabled": false
				},
				{
					"title": "Day Planner",
					"method": "DP_CallPlanner",
					"shortcutAccel": true,
					"shortcutKey": "="
				},
				{
					"isSeparator": true,
					"enabled": false
				},
				{
					"title": "Reset Stacking",
					"method": "uWindResetStack"
				},
				{
					"isSeparator": true,
					"enabled": false,
					"action": "design"
				},
				{
					"title": "Quit",
					"method": "mQuit",
					"shortcutAccel": true,
					"shortcutKey": "Q",
					"action": "quit"
				},
				{
					"title": ":131,27",
					"shortcutAlt": true,
					"shortcutAccel": true,
					"shortcutKey": "F",
					"action": "design"
				}
			]
		},
		{
			"link": 3115,
			"title": "Palettes",
			"items": [
				{
					"title": "MAIN EVENT",
					"method": "mMainEvent",
					"shortcutAccel": true,
					"shortcutKey": "-"
				}
			]
		},
		{
			"link": 12100,
			"title": "File",
			"items": [
				{
					"title": "IMPACT ASSISTANT",
					"method": "uHelpProcess",
					"shortcutAccel": true,
					"shortcutKey": "*"
				},
				{
					"isSeparator": true,
					"enabled": false
				},
				{
					"title": "Day Planner",
					"method": "DP_CallPlanner",
					"shortcutAccel": true,
					"shortcutKey": "="
				},
				{
					"isSeparator": true,
					"enabled": false
				},
				{
					"title": "Reset Stacking",
					"method": "uWindResetStack"
				},
				{
					"isSeparator": true,
					"enabled": false
				},
				{
					"title": "Quit",
					"method": "mQuit",
					"shortcutAccel": true,
					"shortcutKey": "Q",
					"action": "quit"
				}
			]
		},
		{
			"link": 1102,
			"title": "Ad Hoc",
			"items": [
				{
					"title": "2Graph...",
					"method": "mGraph",
					"shortcutAccel": true,
					"shortcutKey": "G"
				},
				{
					"title": "Report...",
					"method": "mReport",
					"shortcutAccel": true,
					"shortcutKey": "R"
				},
				{
					"title": "Search...",
					"method": "mSearch",
					"shortcutAccel": true,
					"shortcutKey": "S"
				},
				{
					"title": "Sort...",
					"method": "mSort",
					"shortcutAccel": true,
					"shortcutKey": "T"
				},
				{
					"title": "Labels...",
					"method": "mLabel",
					"shortcutAccel": true,
					"shortcutKey": "L"
				},
				{
					"title": "Extract...",
					"method": "mMerge"
				}
			]
		},
		{
			"link": 4749,
			"title": "Report",
			"items": [
				{
					"title": "Company Master List",
					"method": "malCompMastr",
					"shortcutAccel": true,
					"shortcutKey": "I"
				},
				{
					"title": "Company Name List",
					"method": "malCompName",
					"shortcutAccel": true,
					"shortcutKey": "O"
				},
				{
					"title": "Company Address List",
					"method": "malCompAddr",
					"shortcutAccel": true,
					"shortcutKey": "B"
				},
				{
					"title": "Exhibitor History",
					"method": "malExhHistory",
					"shortcutAccel": true,
					"shortcutKey": "H"
				},
				{
					"title": "Encounters",
					"method": "malEncRpt_Comp"
				}
			]
		},
		{
			"link": 14616,
			"title": "File",
			"items": [
				{
					"title": "IMPACT ASSISTANT",
					"method": "uHelpProcess",
					"shortcutAccel": true,
					"shortcutKey": "*"
				},
				{
					"isSeparator": true,
					"enabled": false
				},
				{
					"title": "Day Planner",
					"method": "DP_CallPlanner",
					"shortcutAccel": true,
					"shortcutKey": "="
				},
				{
					"isSeparator": true,
					"enabled": false
				},
				{
					"title": "Reset Stacking",
					"method": "uWindResetStack"
				},
				{
					"isSeparator": true,
					"enabled": false
				},
				{
					"title": "Quit",
					"method": "mQuit",
					"shortcutAccel": true,
					"shortcutKey": "Q",
					"action": "quit"
				}
			]
		},
		{
			"link": 16658,
			"title": "Ad Hoc",
			"items": [
				{
					"title": "3Graph...",
					"method": "mGraph",
					"shortcutAccel": true,
					"shortcutKey": "G"
				},
				{
					"title": "Report...",
					"method": "mReport",
					"shortcutAccel": true,
					"shortcutKey": "R"
				},
				{
					"title": "Search...",
					"method": "mSearch",
					"shortcutAccel": true,
					"shortcutKey": "S"
				},
				{
					"title": "Sort...",
					"method": "mSort",
					"shortcutAccel": true,
					"shortcutKey": "T"
				},
				{
					"title": "Labels...",
					"method": "mLabel",
					"shortcutAccel": true,
					"shortcutKey": "L"
				},
				{
					"title": "Extract...",
					"method": "mMerge"
				}
			]
		},
		{
			"link": 11824,
			"title": "Report",
			"items": [
				{
					"title": "Exhibitor Master List",
					"method": "malExhMastr",
					"shortcutAccel": true,
					"shortcutKey": "X"
				},
				{
					"title": "Exhibitor Address List",
					"method": "mExhAddr",
					"shortcutAccel": true,
					"shortcutKey": "H"
				},
				{
					"title": "Exhibitor Table Tent",
					"method": "mExhTent",
					"shortcutAccel": true,
					"shortcutKey": "B"
				},
				{
					"title": "Exhibitor Invoice",
					"method": "mInvoiceExh",
					"shortcutAccel": true,
					"shortcutKey": "I"
				},
				{
					"title": "Exhibitor Statements",
					"method": "mExhStatm",
					"shortcutAccel": true,
					"shortcutKey": "F"
				}
			]
		},
		{
			"link": 12889,
			"title": "File",
			"items": [
				{
					"title": "IMPACT ASSISTANT",
					"method": "uHelpProcess",
					"shortcutAccel": true,
					"shortcutKey": "*"
				},
				{
					"isSeparator": true,
					"enabled": false
				},
				{
					"title": "Day Planner",
					"method": "DP_CallPlanner",
					"shortcutAccel": true,
					"shortcutKey": "="
				},
				{
					"isSeparator": true,
					"enabled": false
				},
				{
					"title": "Reset Stacking",
					"method": "uWindResetStack"
				},
				{
					"isSeparator": true,
					"enabled": false
				},
				{
					"title": "Quit",
					"method": "mQuit",
					"shortcutAccel": true,
					"shortcutKey": "Q",
					"action": "quit"
				}
			]
		},
		{
			"link": 26358,
			"title": "Ad Hoc",
			"items": [
				{
					"title": "4Graph...",
					"method": "mGraph",
					"shortcutAccel": true,
					"shortcutKey": "G"
				},
				{
					"title": "Report...",
					"method": "mReport",
					"shortcutAccel": true,
					"shortcutKey": "R"
				},
				{
					"title": "Search...",
					"method": "mSearch",
					"shortcutAccel": true,
					"shortcutKey": "S"
				},
				{
					"title": "Sort...",
					"method": "mSort",
					"shortcutAccel": true,
					"shortcutKey": "T"
				},
				{
					"title": "Labels...",
					"method": "mLabel",
					"shortcutAccel": true,
					"shortcutKey": "L"
				},
				{
					"title": "Extract...",
					"method": "mMerge"
				}
			]
		},
		{
			"link": 25754,
			"title": "Report",
			"items": [
				{
					"title": "Person List",
					"method": "malPersonMastr",
					"shortcutAccel": true,
					"shortcutKey": "I"
				},
				{
					"title": "EMail Export",
					"method": "x",
					"shortcutAccel": true,
					"shortcutKey": "P"
				},
				{
					"title": "Fax Cover",
					"method": "x",
					"shortcutAccel": true,
					"shortcutKey": "F"
				},
				{
					"title": "Encounters",
					"method": "malEncRpt_Pers"
				}
			]
		},
		{
			"link": 20788,
			"title": "File",
			"items": [
				{
					"title": "IMPACT ASSISTANT",
					"method": "uHelpProcess",
					"shortcutAccel": true,
					"shortcutKey": "*"
				},
				{
					"isSeparator": true,
					"enabled": false
				},
				{
					"title": "Day Planner",
					"method": "DP_CallPlanner",
					"shortcutAccel": true,
					"shortcutKey": "="
				},
				{
					"isSeparator": true,
					"enabled": false
				},
				{
					"title": "Reset Stacking",
					"method": "uWindResetStack"
				},
				{
					"isSeparator": true,
					"enabled": false
				},
				{
					"title": "Quit",
					"method": "mQuit",
					"shortcutAccel": true,
					"shortcutKey": "Q",
					"action": "quit"
				}
			]
		},
		{
			"link": 19700,
			"title": "Ad Hoc",
			"items": [
				{
					"title": "5Graph...",
					"method": "mGraph",
					"shortcutAccel": true,
					"shortcutKey": "G"
				},
				{
					"title": "Report...",
					"method": "mReport",
					"shortcutAccel": true,
					"shortcutKey": "R"
				},
				{
					"title": "Search...",
					"method": "mSearch",
					"shortcutAccel": true,
					"shortcutKey": "S"
				},
				{
					"title": "Sort...",
					"method": "mSort",
					"shortcutAccel": true,
					"shortcutKey": "T"
				},
				{
					"title": "Labels...",
					"method": "mLabel",
					"shortcutAccel": true,
					"shortcutKey": "L"
				},
				{
					"title": "Extract...",
					"method": "mMerge"
				}
			]
		},
		{
			"link": 20516,
			"title": "Report",
			"items": [
				{
					"title": "Registration List",
					"method": "malRegtnAddr",
					"shortcutAccel": true,
					"shortcutKey": "Z"
				},
				{
					"isSeparator": true,
					"enabled": false
				},
				{
					"title": "Badges",
					"method": "malBadges",
					"shortcutAccel": true,
					"shortcutKey": "B"
				},
				{
					"title": "Packet Labels",
					"method": "malPktLabels",
					"shortcutAccel": true,
					"shortcutKey": "P"
				},
				{
					"title": "Event Tickets",
					"method": "malEvntTickets",
					"shortcutAccel": true,
					"shortcutKey": "H"
				},
				{
					"title": "Tutorial Tickets",
					"method": "malTutTickets",
					"shortcutAccel": true,
					"shortcutKey": "K"
				},
				{
					"title": "Room Mate Info",
					"method": "malRoomMateRpts"
				},
				{
					"title": "Hotel Room Counts",
					"method": "malRoomNights"
				},
				{
					"title": "Invoices (Registrants)",
					"method": "mInvoice",
					"shortcutAccel": true,
					"shortcutKey": "I"
				},
				{
					"title": "Statements",
					"method": "malRegtnStatm"
				},
				{
					"title": "Table Tents",
					"method": "malRegtnTent",
					"shortcutAccel": true,
					"shortcutKey": "U"
				},
				{
					"title": "Carrier Schedules",
					"method": "malAirReports"
				},
				{
					"title": "Encounters",
					"method": "malEncRpt_Reg"
				},
				{
					"title": "Itinerary Confirmation",
					"method": "malPrintItinRpt"
				},
				{
					"isSeparator": true,
					"enabled": false
				},
				{
					"title": "Demographic1 Summary",
					"method": "mRegtnDem1"
				},
				{
					"title": "Demographic2 Summary",
					"method": "mRegtnDem2"
				},
				{
					"title": "Demographic3 Summary",
					"method": "mRegtnDem3"
				},
				{
					"title": "Demographic4 Summary",
					"method": "mRegtnDem4"
				},
				{
					"title": "Demographic5 Summary",
					"method": "mRegtnDem5"
				},
				{
					"title": "Demographic6 Summary",
					"method": "mRegtnDem6"
				}
			]
		},
		{
			"link": 13617,
			"title": "File",
			"items": [
				{
					"title": "IMPACT ASSISTANT",
					"method": "uHelpProcess",
					"shortcutAccel": true,
					"shortcutKey": "*"
				},
				{
					"isSeparator": true,
					"enabled": false
				},
				{
					"title": "Day Planner",
					"method": "DP_CallPlanner",
					"shortcutAccel": true,
					"shortcutKey": "="
				},
				{
					"isSeparator": true,
					"enabled": false
				},
				{
					"title": "Reset Stacking",
					"method": "uWindResetStack"
				},
				{
					"isSeparator": true,
					"enabled": false
				},
				{
					"title": "Quit",
					"method": "mQuit",
					"shortcutAccel": true,
					"shortcutKey": "Q",
					"action": "quit"
				}
			]
		},
		{
			"link": 8914,
			"title": "Ad Hoc",
			"items": [
				{
					"title": "6Graph...",
					"method": "mGraph",
					"shortcutAccel": true,
					"shortcutKey": "G"
				},
				{
					"title": "Report...",
					"method": "mReport",
					"shortcutAccel": true,
					"shortcutKey": "R"
				},
				{
					"title": "Search...",
					"method": "mSearch",
					"shortcutAccel": true,
					"shortcutKey": "S"
				},
				{
					"title": "Sort...",
					"method": "mSort",
					"shortcutAccel": true,
					"shortcutKey": "T"
				},
				{
					"title": "Labels...",
					"method": "mLabel",
					"shortcutAccel": true,
					"shortcutKey": "L"
				},
				{
					"title": "Extract...",
					"method": "mMerge"
				}
			]
		},
		{
			"link": 26637,
			"title": "Select",
			"items": [
				{
					"title": "Modify Payment",
					"method": "mModPay",
					"shortcutAccel": true,
					"shortcutKey": "M"
				},
				{
					"title": "Review Payment",
					"method": "mRevPay",
					"shortcutAccel": true,
					"shortcutKey": "W"
				}
			]
		},
		{
			"link": 5451,
			"title": "Report",
			"items": [
				{
					"title": "Registrant Transmittal",
					"method": "mRegXmittal",
					"shortcutAccel": true,
					"shortcutKey": "I"
				},
				{
					"title": "Exhibitor Transmittal",
					"method": "mExhXmittal",
					"shortcutAccel": true,
					"shortcutKey": "X"
				},
				{
					"title": "Membership Transmittal",
					"method": "mMembXmittal",
					"shortcutAccel": true,
					"shortcutKey": "B"
				},
				{
					"isSeparator": true,
					"enabled": false
				},
				{
					"title": "Receipt",
					"method": "mReceipt",
					"shortcutAccel": true,
					"shortcutKey": "P"
				}
			]
		},
		{
			"link": 21557,
			"title": "File",
			"items": [
				{
					"title": "IMPACT ASSISTANT",
					"method": "uHelpProcess",
					"shortcutAccel": true,
					"shortcutKey": "*"
				},
				{
					"isSeparator": true,
					"enabled": false
				},
				{
					"title": "Day Planner",
					"method": "DP_CallPlanner",
					"shortcutAccel": true,
					"shortcutKey": "="
				},
				{
					"isSeparator": true,
					"enabled": false
				},
				{
					"title": "Reset Stacking",
					"method": "uWindResetStack"
				},
				{
					"isSeparator": true,
					"enabled": false
				},
				{
					"title": "Quit",
					"method": "mQuit",
					"shortcutAccel": true,
					"shortcutKey": "Q",
					"action": "quit"
				}
			]
		},
		{
			"link": 20611,
			"title": "Ad Hoc",
			"items": [
				{
					"title": "7Graph...",
					"method": "mGraph",
					"shortcutAccel": true,
					"shortcutKey": "G"
				},
				{
					"title": "Report...",
					"method": "mReport",
					"shortcutAccel": true,
					"shortcutKey": "R"
				},
				{
					"title": "Search...",
					"method": "mSearch",
					"shortcutAccel": true,
					"shortcutKey": "S"
				},
				{
					"title": "Sort...",
					"method": "mSort",
					"shortcutAccel": true,
					"shortcutKey": "T"
				},
				{
					"title": "Labels...",
					"method": "mLabel",
					"shortcutAccel": true,
					"shortcutKey": "L"
				},
				{
					"title": "Extract...",
					"method": "mMerge"
				}
			]
		},
		{
			"link": 9658,
			"title": "Report",
			"items": [
				{
					"title": "Credit Card List",
					"method": "mCCardMastr"
				},
				{
					"title": "Keyword List",
					"method": "mKWMaster"
				},
				{
					"title": "Status Code List",
					"method": "mStatusMastr"
				},
				{
					"title": "User List",
					"method": "mUserList"
				}
			]
		},
		{
			"link": 7076,
			"title": "File",
			"items": [
				{
					"title": "IMPACT ASSISTANT",
					"method": "uHelpProcess",
					"shortcutAccel": true,
					"shortcutKey": "*"
				},
				{
					"isSeparator": true,
					"enabled": false
				},
				{
					"title": "Day Planner",
					"method": "DP_CallPlanner",
					"shortcutAccel": true,
					"shortcutKey": "="
				},
				{
					"isSeparator": true,
					"enabled": false
				},
				{
					"title": "Quit",
					"method": "mQuit",
					"shortcutAccel": true,
					"shortcutKey": "Q",
					"action": "quit"
				}
			]
		},
		{
			"link": 13214,
			"title": "Ad Hoc",
			"items": [
				{
					"title": "8Graph...",
					"method": "mGraph",
					"shortcutAccel": true,
					"shortcutKey": "G"
				},
				{
					"title": "Report...",
					"method": "mReport",
					"shortcutAccel": true,
					"shortcutKey": "R"
				},
				{
					"title": "Search...",
					"method": "mSearch",
					"shortcutAccel": true,
					"shortcutKey": "S"
				},
				{
					"title": "Sort...",
					"method": "mSort",
					"shortcutAccel": true,
					"shortcutKey": "T"
				},
				{
					"title": "Labels...",
					"method": "mLabel",
					"shortcutAccel": true,
					"shortcutKey": "L"
				},
				{
					"title": "Extract...",
					"method": "mMerge"
				}
			]
		},
		{
			"link": 13516,
			"title": "Report",
			"items": [
				{
					"title": "Speaker List",
					"method": "malSpkrMaster",
					"shortcutAccel": true,
					"shortcutKey": "P"
				}
			]
		},
		{
			"link": 18921,
			"title": "File",
			"items": [
				{
					"title": "IMPACT ASSISTANT",
					"method": "uHelpProcess",
					"shortcutAccel": true,
					"shortcutKey": "*"
				},
				{
					"isSeparator": true,
					"enabled": false
				},
				{
					"title": "Day Planner",
					"method": "DP_CallPlanner",
					"shortcutAccel": true,
					"shortcutKey": "="
				},
				{
					"isSeparator": true,
					"enabled": false
				},
				{
					"title": "Reset Stacking",
					"method": "uWindResetStack"
				},
				{
					"isSeparator": true,
					"enabled": false
				},
				{
					"title": "Quit",
					"method": "mQuit",
					"shortcutAccel": true,
					"shortcutKey": "Q",
					"action": "quit"
				}
			]
		},
		{
			"link": 1523,
			"title": "Ad Hoc",
			"items": [
				{
					"title": "9Graph...",
					"method": "mGraph",
					"shortcutAccel": true,
					"shortcutKey": "G"
				},
				{
					"title": "Report...",
					"method": "mReport",
					"shortcutAccel": true,
					"shortcutKey": "R"
				},
				{
					"title": "Search...",
					"method": "mSearch",
					"shortcutAccel": true,
					"shortcutKey": "S"
				},
				{
					"title": "Sort...",
					"method": "mSort",
					"shortcutAccel": true,
					"shortcutKey": "T"
				},
				{
					"title": "Labels...",
					"method": "mLabel",
					"shortcutAccel": true,
					"shortcutKey": "L"
				},
				{
					"title": "Extract...",
					"method": "mMerge"
				}
			]
		},
		{
			"link": 8882,
			"title": "Select",
			"items": [
				{
					"title": "New Layout",
					"method": "uHelpNew",
					"shortcutAccel": true,
					"shortcutKey": "N"
				},
				{
					"title": "Modify Layout",
					"method": "mModHelp",
					"shortcutAccel": true,
					"shortcutKey": "M"
				},
				{
					"isSeparator": true,
					"enabled": false
				},
				{
					"title": "Help Report",
					"method": "uHelpRept",
					"shortcutAccel": true,
					"shortcutKey": "H"
				},
				{
					"title": "Help Item Report",
					"method": "mHelpRept2",
					"shortcutAccel": true,
					"shortcutKey": "I"
				},
				{
					"isSeparator": true,
					"enabled": false
				},
				{
					"title": "Copy...",
					"method": "uHelpCopy",
					"shortcutAccel": true,
					"shortcutKey": "W"
				},
				{
					"title": "Sort Layout Items...",
					"method": "uHelpSort",
					"shortcutAccel": true,
					"shortcutKey": "S"
				},
				{
					"isSeparator": true,
					"enabled": false
				},
				{
					"title": "Load...",
					"method": "uHelpLoad",
					"shortcutAccel": true,
					"shortcutKey": "L"
				},
				{
					"title": "Unload...",
					"method": "uHelpUnload",
					"shortcutAccel": true,
					"shortcutKey": "U"
				},
				{
					"isSeparator": true,
					"enabled": false
				},
				{
					"title": "Return to Application",
					"method": "mMenuReturn",
					"shortcutAccel": true,
					"shortcutKey": "R"
				},
				{
					"title": "Execute",
					"method": "udoit",
					"shortcutAccel": true,
					"shortcutKey": "E"
				}
			]
		},
		{
			"link": 11146,
			"title": "File",
			"items": [
				{
					"title": "IMPACT ASSISTANT",
					"method": "uHelpProcess",
					"shortcutAccel": true,
					"shortcutKey": "*"
				},
				{
					"isSeparator": true,
					"enabled": false
				},
				{
					"title": "Day Planner",
					"method": "DP_CallPlanner",
					"shortcutAccel": true,
					"shortcutKey": "="
				},
				{
					"isSeparator": true,
					"enabled": false
				},
				{
					"title": "Reset Stacking",
					"method": "uWindResetStack"
				},
				{
					"isSeparator": true,
					"enabled": false
				},
				{
					"title": "Quit",
					"method": "mQuit",
					"shortcutAccel": true,
					"shortcutKey": "Q",
					"action": "quit"
				}
			]
		},
		{
			"link": 27291,
			"title": "Ad Hoc",
			"items": [
				{
					"title": "10Graph...",
					"method": "mGraph",
					"shortcutAccel": true,
					"shortcutKey": "G"
				},
				{
					"title": "Report...",
					"method": "mReport",
					"shortcutAccel": true,
					"shortcutKey": "R"
				},
				{
					"title": "Search...",
					"method": "mSearch",
					"shortcutAccel": true,
					"shortcutKey": "S"
				},
				{
					"title": "Sort...",
					"method": "mSort",
					"shortcutAccel": true,
					"shortcutKey": "T"
				},
				{
					"title": "Labels...",
					"method": "mLabel",
					"shortcutAccel": true,
					"shortcutKey": "L"
				},
				{
					"title": "Extract...",
					"method": "mMerge"
				}
			]
		},
		{
			"link": 2041,
			"title": "Select",
			"items": [
				{
					"title": "New Budget",
					"method": "mNewBudget",
					"shortcutAccel": true,
					"shortcutKey": "N"
				},
				{
					"isSeparator": true,
					"enabled": false
				},
				{
					"title": "Modify Budget",
					"method": "mModBudget",
					"shortcutAccel": true,
					"shortcutKey": "M"
				},
				{
					"title": "Review Budget",
					"method": "mRevBudget",
					"shortcutAccel": true,
					"shortcutKey": "W"
				},
				{
					"isSeparator": true,
					"enabled": false
				},
				{
					"title": "Delete Budget",
					"method": "mDelBudget",
					"shortcutAccel": true,
					"shortcutKey": "D"
				}
			]
		},
		{
			"link": 9960,
			"title": "Report",
			"items": [
				{
					"title": "Budget List",
					"method": "mBudgMastr",
					"shortcutAccel": true,
					"shortcutKey": "P"
				}
			]
		},
		{
			"link": 4101,
			"title": "File",
			"items": [
				{
					"title": "IMPACT ASSISTANT",
					"method": "uHelpProcess",
					"shortcutAccel": true,
					"shortcutKey": "*"
				},
				{
					"isSeparator": true,
					"enabled": false
				},
				{
					"title": "Day Planner",
					"method": "DP_CallPlanner",
					"shortcutAccel": true,
					"shortcutKey": "="
				},
				{
					"isSeparator": true,
					"enabled": false
				},
				{
					"title": "Reset Stacking",
					"method": "uWindResetStack"
				},
				{
					"isSeparator": true,
					"enabled": false
				},
				{
					"title": "Quit",
					"method": "mQuit",
					"shortcutAccel": true,
					"shortcutKey": "Q",
					"action": "quit"
				}
			]
		},
		{
			"link": 19877,
			"title": "Ad Hoc",
			"items": [
				{
					"title": "11Graph...",
					"method": "mGraph",
					"shortcutAccel": true,
					"shortcutKey": "G"
				},
				{
					"title": "Report...",
					"method": "mReport",
					"shortcutAccel": true,
					"shortcutKey": "R"
				},
				{
					"title": "Search...",
					"method": "mSearch",
					"shortcutAccel": true,
					"shortcutKey": "S"
				},
				{
					"title": "Sort...",
					"method": "mSort",
					"shortcutAccel": true,
					"shortcutKey": "T"
				},
				{
					"title": "Labels...",
					"method": "mLabel",
					"shortcutAccel": true,
					"shortcutKey": "L"
				},
				{
					"title": "Extract...",
					"method": "mMerge"
				}
			]
		},
		{
			"link": 15451,
			"title": "Report",
			"items": [
				{
					"title": "Vendor List",
					"method": "malVendMastr",
					"shortcutAccel": true,
					"shortcutKey": "P"
				}
			]
		},
		{
			"link": 4434,
			"title": "File",
			"items": [
				{
					"title": "IMPACT ASSISTANT",
					"method": "uHelpProcess",
					"shortcutAccel": true,
					"shortcutKey": "*"
				},
				{
					"isSeparator": true,
					"enabled": false
				},
				{
					"title": "Day Planner",
					"method": "DP_CallPlanner",
					"shortcutAccel": true,
					"shortcutKey": "="
				},
				{
					"isSeparator": true,
					"enabled": false
				},
				{
					"title": "Reset Stacking",
					"method": "uWindResetStack"
				},
				{
					"isSeparator": true,
					"enabled": false
				},
				{
					"title": "Quit",
					"method": "mQuit",
					"shortcutAccel": true,
					"shortcutKey": "Q",
					"action": "quit"
				}
			]
		},
		{
			"link": 8111,
			"title": "Ad Hoc",
			"items": [
				{
					"title": "12Graph...",
					"method": "mGraph",
					"shortcutAccel": true,
					"shortcutKey": "G"
				},
				{
					"title": "Report...",
					"method": "mReport",
					"shortcutAccel": true,
					"shortcutKey": "R"
				},
				{
					"title": "Search...",
					"method": "mSearch",
					"shortcutAccel": true,
					"shortcutKey": "S"
				},
				{
					"title": "Sort...",
					"method": "mSort",
					"shortcutAccel": true,
					"shortcutKey": "T"
				},
				{
					"title": "Labels...",
					"method": "mLabel",
					"shortcutAccel": true,
					"shortcutKey": "L"
				},
				{
					"title": "Extract...",
					"method": "mMerge"
				}
			]
		},
		{
			"link": 24686,
			"title": "Report",
			"items": [
				{
					"title": "PO List",
					"method": "malOrderMastr",
					"shortcutAccel": true,
					"shortcutKey": "P"
				},
				{
					"title": "PO Detail",
					"method": "malOrderDetail",
					"shortcutAccel": true,
					"shortcutKey": "O"
				}
			]
		},
		{
			"link": 6306,
			"title": "File",
			"items": [
				{
					"title": "IMPACT ASSISTANT",
					"method": "uHelpProcess",
					"shortcutAccel": true,
					"shortcutKey": "*"
				},
				{
					"isSeparator": true,
					"enabled": false
				},
				{
					"title": "Day Planner",
					"method": "DP_CallPlanner",
					"shortcutAccel": true,
					"shortcutKey": "="
				},
				{
					"isSeparator": true,
					"enabled": false
				},
				{
					"title": "Reset Stacking",
					"method": "uWindResetStack"
				},
				{
					"isSeparator": true,
					"enabled": false
				},
				{
					"title": "Quit",
					"state": "checked",
					"method": "mQuit",
					"shortcutAccel": true,
					"shortcutKey": "Q",
					"action": "quit"
				}
			]
		},
		{
			"link": 28981,
			"title": "Ad Hoc",
			"items": [
				{
					"title": "13Graph...",
					"method": "mGraph",
					"shortcutAccel": true,
					"shortcutKey": "G"
				},
				{
					"title": "Report...",
					"method": "mReport",
					"shortcutAccel": true,
					"shortcutKey": "R"
				},
				{
					"title": "Search...",
					"method": "mSearch",
					"shortcutAccel": true,
					"shortcutKey": "S"
				},
				{
					"title": "Sort...",
					"method": "mSort",
					"shortcutAccel": true,
					"shortcutKey": "T"
				},
				{
					"title": "Labels...",
					"method": "mLabel",
					"shortcutAccel": true,
					"shortcutKey": "L"
				},
				{
					"title": "Extract...",
					"method": "mMerge"
				}
			]
		},
		{
			"link": 15130,
			"title": "Report",
			"items": [
				{
					"title": "Master List",
					"method": "mAssocMaster",
					"shortcutAccel": true,
					"shortcutKey": "Z"
				},
				{
					"isSeparator": true,
					"enabled": false
				},
				{
					"title": "New Members",
					"method": "mNewMembersRept",
					"shortcutAccel": true,
					"shortcutKey": "J"
				},
				{
					"title": "Expired Members",
					"method": "mExpMembers",
					"shortcutAccel": true,
					"shortcutKey": "P"
				},
				{
					"title": "Current Members",
					"method": "mCurMembers",
					"shortcutAccel": true,
					"shortcutKey": "U"
				},
				{
					"title": "Due for Renewal",
					"method": "mRenewalRept"
				},
				{
					"title": "Member Summary",
					"method": "mMembershipRept"
				},
				{
					"title": "Activity Summary",
					"method": "mActSumRept"
				},
				{
					"isSeparator": true,
					"enabled": false
				},
				{
					"title": "Aged Trial Balance",
					"method": "mAgedBalance",
					"shortcutAccel": true,
					"shortcutKey": "B"
				},
				{
					"title": "Invoices (Person/Company)",
					"method": "mAssocInv",
					"shortcutAccel": true,
					"shortcutKey": "I"
				},
				{
					"title": "Statements (Person/Company)",
					"method": "mAssocStatm",
					"shortcutAccel": true,
					"shortcutKey": "F"
				},
				{
					"title": "Revenue Summary",
					"method": "mAssocRevenue",
					"shortcutAccel": true,
					"shortcutKey": "Y"
				},
				{
					"title": "Selected Item Summary",
					"method": "mSelItmSumry",
					"shortcutAccel": true,
					"shortcutKey": "H"
				},
				{
					"title": "Selected Item Detail",
					"method": "mSelItmDetail",
					"shortcutAccel": true,
					"shortcutKey": "A"
				},
				{
					"title": "Item Master List",
					"method": "mItemsMastr"
				},
				{
					"isSeparator": true,
					"enabled": false
				},
				{
					"title": "Directory Export",
					"method": "mDumpDirectory"
				},
				{
					"title": "Contact Master List",
					"method": "mCntctMastr"
				}
			]
		},
		{
			"link": 17130,
			"title": "File",
			"items": [
				{
					"title": "IMPACT ASSISTANT",
					"method": "uHelpProcess",
					"shortcutAccel": true,
					"shortcutKey": "*"
				},
				{
					"isSeparator": true,
					"enabled": false
				},
				{
					"title": "Day Planner",
					"method": "DP_CallPlanner",
					"shortcutAccel": true,
					"shortcutKey": "="
				},
				{
					"isSeparator": true,
					"enabled": false
				},
				{
					"title": "Reset Stacking",
					"method": "uWindResetStack"
				},
				{
					"isSeparator": true,
					"enabled": false
				},
				{
					"title": "Quit",
					"method": "mQuit",
					"shortcutAccel": true,
					"shortcutKey": "Q",
					"action": "quit"
				}
			]
		},
		{
			"link": 4036,
			"title": "File",
			"items": [
				{
					"title": "IMPACT ASSISTANT",
					"method": "uHelpProcess",
					"shortcutAccel": true,
					"shortcutKey": "*"
				},
				{
					"isSeparator": true,
					"enabled": false
				},
				{
					"title": "Day Planner",
					"method": "DP_CallPlanner",
					"shortcutAccel": true,
					"shortcutKey": "="
				},
				{
					"isSeparator": true,
					"enabled": false
				},
				{
					"title": "Reset Stacking",
					"method": "uWindResetStack"
				},
				{
					"isSeparator": true,
					"enabled": false
				},
				{
					"title": "Quit",
					"method": "mQuit",
					"shortcutAccel": true,
					"shortcutKey": "Q",
					"action": "quit"
				}
			]
		},
		{
			"link": 19066,
			"title": "File",
			"items": [
				{
					"title": "IMPACT ASSISTANT",
					"method": "uHelpProcess",
					"shortcutAccel": true,
					"shortcutKey": "*"
				},
				{
					"isSeparator": true,
					"enabled": false
				},
				{
					"title": "Day Planner",
					"method": "DP_CallPlanner",
					"shortcutAccel": true,
					"shortcutKey": "="
				},
				{
					"isSeparator": true,
					"enabled": false
				},
				{
					"title": "Reset Stacking",
					"method": "uWindResetStack"
				},
				{
					"isSeparator": true,
					"enabled": false
				},
				{
					"title": "Quit",
					"method": "mQuit",
					"shortcutAccel": true,
					"shortcutKey": "Q",
					"action": "quit"
				}
			]
		},
		{
			"link": 24144,
			"title": "Ad Hoc",
			"items": [
				{
					"title": "Graph...",
					"method": "mGraph",
					"shortcutAccel": true,
					"shortcutKey": "G"
				},
				{
					"title": "Report...",
					"method": "mReport",
					"shortcutAccel": true,
					"shortcutKey": "R"
				},
				{
					"title": "Saved Report...",
					"method": "mSavedReport"
				},
				{
					"title": "Search...",
					"method": "mSearch",
					"shortcutAccel": true,
					"shortcutKey": "S"
				},
				{
					"title": "Sort...",
					"method": "mSort",
					"shortcutAccel": true,
					"shortcutKey": "T"
				},
				{
					"title": "Labels...",
					"method": "mLabel",
					"shortcutAccel": true,
					"shortcutKey": "L"
				},
				{
					"title": "Extract...",
					"method": "mMerge"
				}
			]
		},
		{
			"link": 11746,
			"title": "Ad Hoc",
			"items": []
		},
		{
			"link": 24655,
			"title": "File",
			"items": []
		},
		{
			"link": 6818,
			"title": "File",
			"items": []
		},
		{
			"link": 30621,
			"title": "Sys. Admin.",
			"items": []
		},
		{
			"link": 8667,
			"title": "file",
			"items": []
		},
		{
			"link": 23665,
			"title": "File",
			"items": [
				{
					"title": "IMPACT ASSISTANT",
					"method": "uHelpProcess",
					"shortcutAccel": true,
					"shortcutKey": "*"
				},
				{
					"isSeparator": true,
					"enabled": false
				},
				{
					"title": "Day Planner",
					"method": "DP_CallPlanner",
					"shortcutAccel": true,
					"shortcutKey": "="
				},
				{
					"isSeparator": true,
					"enabled": false
				},
				{
					"title": "Reset Stacking",
					"method": "uWindResetStack"
				},
				{
					"isSeparator": true,
					"enabled": false
				},
				{
					"title": "Quit",
					"method": "mQuit",
					"shortcutAccel": true,
					"shortcutKey": "Q",
					"action": "quit"
				}
			]
		},
		{
			"link": 8320,
			"title": "Ad Hoc",
			"items": [
				{
					"title": "Report",
					"method": "mAdHocMenuSelector",
					"shortcutAccel": true,
					"shortcutKey": "R",
					"parameter": "Report"
				},
				{
					"title": "Sort",
					"method": "mAdHocMenuSelector",
					"shortcutAccel": true,
					"shortcutKey": "T",
					"parameter": "Sort"
				},
				{
					"title": "Labels",
					"method": "mAdHocMenuSelector",
					"shortcutAccel": true,
					"shortcutKey": "L",
					"parameter": "Label"
				},
				{
					"title": "Search",
					"method": "mAdHocMenuSelector",
					"parameter": "Custom Search"
				},
				{
					"title": "Extract",
					"method": "mAdHocMenuSelector",
					"parameter": "Merge"
				},
				{
					"title": "(-",
					"isSeparator": true,
					"enabled": false
				},
				{
					"title": "Saved Report",
					"method": "mAdHocMenuSelector",
					"parameter": "Saved Report"
				},
				{
					"title": "Word Processor...",
					"method": "mAdHocMenuSelector",
					"executeWithoutValidating": true,
					"parameter": "Word Processor"
				}
			]
		},
		{
			"link": 25193,
			"title": "IO",
			"items": [
				{
					"title": "Import Prefs...",
					"method": "scur_Import"
				},
				{
					"title": "-"
				},
				{
					"title": "Export Prefs...",
					"method": "scur_Export"
				}
			]
		},
		{
			"link": 26544,
			"title": "File",
			"items": [
				{
					"title": "IMPACT ASSISTANT",
					"method": "uHelpProcess",
					"shortcutAccel": true,
					"shortcutKey": "*"
				},
				{
					"isSeparator": true,
					"enabled": false
				},
				{
					"title": "Day Planner",
					"method": "DP_CallPlanner",
					"shortcutAccel": true,
					"shortcutKey": "="
				},
				{
					"isSeparator": true,
					"enabled": false
				},
				{
					"title": "Reset Stacking",
					"method": "uWindResetStack"
				},
				{
					"isSeparator": true,
					"enabled": false
				},
				{
					"title": "Quit",
					"method": "mQuit",
					"shortcutAccel": true,
					"shortcutKey": "Q",
					"action": "quit"
				}
			]
		},
		{
			"link": 30848,
			"title": "Ad Hoc",
			"items": [
				{
					"title": "25Graph...",
					"method": "mGraph",
					"shortcutAccel": true,
					"shortcutKey": "G"
				},
				{
					"title": "Report...",
					"method": "mReport",
					"shortcutAccel": true,
					"shortcutKey": "R"
				},
				{
					"title": "Sort...",
					"method": "mSort",
					"shortcutAccel": true,
					"shortcutKey": "T"
				},
				{
					"title": "Labels...",
					"method": "mLabel",
					"shortcutAccel": true,
					"shortcutKey": "L"
				},
				{
					"title": "Extract...",
					"method": "mExtract"
				}
			]
		},
		{
			"link": 3100,
			"title": "Reports",
			"items": [
				{
					"title": "Committee Master List",
					"method": "mCommMastr"
				},
				{
					"title": "Committee Profile",
					"method": "mCommProfile"
				}
			]
		},
		{
			"link": 23495,
			"title": "File",
			"items": [
				{
					"title": "IMPACT ASSISTANT",
					"method": "uhelpProcess",
					"shortcutAccel": true,
					"shortcutKey": "*"
				},
				{
					"isSeparator": true,
					"enabled": false
				},
				{
					"title": "Day Planner",
					"method": "DP_CallPlanner",
					"shortcutAccel": true,
					"shortcutKey": "="
				},
				{
					"isSeparator": true,
					"enabled": false
				},
				{
					"title": "Reset Stacking",
					"method": "uWindResetStack"
				},
				{
					"isSeparator": true,
					"enabled": false
				},
				{
					"title": "Quit",
					"method": "mQuit",
					"shortcutAccel": true,
					"shortcutKey": "Q",
					"action": "quit"
				}
			]
		},
		{
			"link": 32629,
			"title": "Ad Hoc",
			"items": [
				{
					"title": "26Graph...",
					"method": "mGraph",
					"shortcutAccel": true,
					"shortcutKey": "G"
				},
				{
					"title": "Report...",
					"method": "mReport",
					"shortcutAccel": true,
					"shortcutKey": "R"
				},
				{
					"title": "Sort...",
					"method": "mSort",
					"shortcutAccel": true,
					"shortcutKey": "T"
				},
				{
					"title": "Labels...",
					"method": "mLabels",
					"shortcutAccel": true,
					"shortcutKey": "L"
				},
				{
					"title": "Extract...",
					"method": "mExtract"
				}
			]
		},
		{
			"link": 430,
			"title": "Reports",
			"items": [
				{
					"title": "Work Group Master List",
					"method": "mWGMastr"
				},
				{
					"title": "Work Group Profile",
					"method": "mWGProfile"
				}
			]
		},
		{
			"link": 10864,
			"title": "File",
			"items": [
				{
					"title": "IMPACT ASSISTANT",
					"method": "uhelpProcess",
					"shortcutAccel": true,
					"shortcutKey": "*"
				},
				{
					"isSeparator": true,
					"enabled": false
				},
				{
					"title": "Day Planner",
					"method": "DP_CallPlanner",
					"shortcutAccel": true,
					"shortcutKey": "="
				},
				{
					"isSeparator": true,
					"enabled": false
				},
				{
					"title": "Reset Stacking",
					"method": "uWindResetStack"
				},
				{
					"isSeparator": true,
					"enabled": false
				},
				{
					"title": "Quit",
					"method": "mQuit",
					"action": "quit"
				}
			]
		},
		{
			"link": 21722,
			"title": "Ad Hoc",
			"items": [
				{
					"title": "27Graph...",
					"method": "mGraph",
					"shortcutAccel": true,
					"shortcutKey": "G"
				},
				{
					"title": "Report...",
					"method": "mReport",
					"shortcutAccel": true,
					"shortcutKey": "R"
				},
				{
					"title": "Sort...",
					"method": "mSort",
					"shortcutAccel": true,
					"shortcutKey": "T"
				},
				{
					"title": "Labels...",
					"method": "mLabels",
					"shortcutAccel": true,
					"shortcutKey": "L"
				},
				{
					"title": "Extract...",
					"method": "mExtract"
				}
			]
		},
		{
			"link": 5488,
			"title": "Reports",
			"items": [
				{
					"title": "Publication Master List",
					"method": "mPublMastr"
				},
				{
					"title": "Advertising Master List",
					"method": "mAdvMastr"
				}
			]
		},
		{
			"link": 11100,
			"title": ":79,1",
			"items": [
				{
					"title": "Create Package",
					"method": "InstallerMkPkg"
				},
				{
					"title": "Install Package",
					"method": "Installer"
				},
				{
					"title": "-"
				},
				{
					"title": "Preferences",
					"method": "wrkEMLFaxsetup"
				},
				{
					"title": "-"
				},
				{
					"title": "Quit",
					"method": "mQuit",
					"action": "quit"
				}
			]
		},
		{
			"link": 27881,
			"title": ":79,1",
			"items": [
				{
					"title": "Preferences",
					"method": "wrkEMLFaxsetup"
				},
				{
					"title": "-"
				},
				{
					"title": "Quit",
					"action": "quit"
				}
			]
		},
		{
			"link": 33000,
			"title": ":xliff:CommonMenuEdit",
			"items": [
				{
					"title": ":xliff:CommonMenuItemUndo",
					"shortcutAccel": true,
					"shortcutKey": "Z",
					"action": "undo"
				},
				{
					"title": "(-",
					"isSeparator": true
				},
				{
					"title": ":xliff:CommonMenuItemCut",
					"shortcutAccel": true,
					"shortcutKey": "X",
					"action": "cut"
				},
				{
					"title": ":xliff:CommonMenuItemCopy",
					"shortcutAccel": true,
					"shortcutKey": "C",
					"action": "copy"
				},
				{
					"title": ":xliff:CommonMenuItemPaste",
					"shortcutAccel": true,
					"shortcutKey": "V",
					"action": "paste"
				},
				{
					"title": ":xliff:CommonMenuItemClear",
					"action": "clear"
				},
				{
					"title": ":xliff:CommonMenuItemSelectAll",
					"shortcutAccel": true,
					"shortcutKey": "A",
					"action": "selectAll"
				},
				{
					"title": "(-",
					"isSeparator": true
				},
				{
					"title": ":xliff:CommonMenuItemShowClipboard",
					"action": "showClipboard"
				}
			]
		},
		{
			"link": 32006,
			"title": ":xliff:CommonMenuMode",
			"items": [
				{
					"title": ":xliff:CommonMenuItemDesign",
					"action": "design"
				}
			]
		},
		{
			"link": 32005,
			"title": ":xliff:CommonMenuEdit",
			"items": [
				{
					"title": ":xliff:CommonMenuItemUndo",
					"shortcutAccel": true,
					"shortcutKey": "Z",
					"action": "undo"
				},
				{
					"title": "(-",
					"isSeparator": true
				},
				{
					"title": ":xliff:CommonMenuItemCut",
					"shortcutAccel": true,
					"shortcutKey": "X",
					"action": "cut"
				},
				{
					"title": ":xliff:CommonMenuItemCopy",
					"shortcutAccel": true,
					"shortcutKey": "C",
					"action": "copy"
				},
				{
					"title": ":xliff:CommonMenuItemPaste",
					"shortcutAccel": true,
					"shortcutKey": "V",
					"action": "paste"
				},
				{
					"title": ":xliff:CommonMenuItemClear",
					"action": "clear"
				},
				{
					"title": ":xliff:CommonMenuItemSelectAll",
					"shortcutAccel": true,
					"shortcutKey": "A",
					"action": "selectAll"
				},
				{
					"title": "(-",
					"isSeparator": true
				},
				{
					"title": ":xliff:CommonMenuItemShowClipboard",
					"action": "showClipboard"
				}
			]
		},
		{
			"link": 32004,
			"title": ":xliff:CommonMenuFile",
			"items": [
				{
					"title": ":xliff:CommonMenuItemQuit",
					"shortcutAccel": true,
					"shortcutKey": "Q",
					"action": "quit"
				}
			]
		},
		{
			"link": 32003,
			"title": ":xliff:CommonMenuMode",
			"items": [
				{
					"title": ":xliff:CommonMenuItemDesign",
					"action": "design"
				}
			]
		},
		{
			"link": 32002,
			"title": ":xliff:CommonMenuEdit",
			"items": [
				{
					"title": ":xliff:CommonMenuItemUndo",
					"shortcutAccel": true,
					"shortcutKey": "Z",
					"action": "undo"
				},
				{
					"title": "(-",
					"isSeparator": true
				},
				{
					"title": ":xliff:CommonMenuItemCut",
					"shortcutAccel": true,
					"shortcutKey": "X",
					"action": "cut"
				},
				{
					"title": ":xliff:CommonMenuItemCopy",
					"shortcutAccel": true,
					"shortcutKey": "C",
					"action": "copy"
				},
				{
					"title": ":xliff:CommonMenuItemPaste",
					"shortcutAccel": true,
					"shortcutKey": "V",
					"action": "paste"
				},
				{
					"title": ":xliff:CommonMenuItemClear",
					"action": "clear"
				},
				{
					"title": ":xliff:CommonMenuItemSelectAll",
					"shortcutAccel": true,
					"shortcutKey": "A",
					"action": "selectAll"
				},
				{
					"title": "(-",
					"isSeparator": true
				},
				{
					"title": ":xliff:CommonMenuItemShowClipboard",
					"action": "showClipboard"
				}
			]
		},
		{
			"link": 32001,
			"title": ":xliff:CommonMenuFile",
			"items": [
				{
					"title": ":xliff:CommonMenuItemQuit",
					"shortcutAccel": true,
					"shortcutKey": "Q",
					"action": "quit"
				}
			]
		},
		{
			"link": 32000,
			"title": ":xliff:CommonMenuEdit",
			"items": [
				{
					"title": ":xliff:CommonMenuItemUndo",
					"shortcutAccel": true,
					"shortcutKey": "Z",
					"action": "undo"
				},
				{
					"isSeparator": true
				},
				{
					"title": ":xliff:CommonMenuItemCut",
					"shortcutAccel": true,
					"shortcutKey": "X",
					"action": "cut"
				},
				{
					"title": ":xliff:CommonMenuItemCopy",
					"action": "copy"
				}
			]
		}
	]
}