﻿{
	"Cancel": "Cancel",
	"OK": "Accept",
	"First Record": "First Record",
	"Previous Record": "Previous Record",
	"Next Record": "Next Record",
	"Last Record": "Last Record",
	"Delete Record": "Delete Record",
	"Previous Page": "Previous Page",
	"Next Page": "Next Page",
	"Record Number": "Record Position within Selection",
	"Done": "Done",
	"Query": "Query",
	"Order By": "Order by",
	"Show All": "Select All Records",
	"Show Subset": "Select Highlighted Records",
	"Save Record": "Save Record",
	"Create Discount": "Create New Discount",
	"Lookup": "Lookup",
	"Add Item": "Add Item",
	"Create Inventor": "Create Inventory Template",
	"Clear": "Clear query",
	"Ad Hoc Query": "Ad Hoc Query",
	"Revert List": "Revert List",
	"Save List": "Save List",
	"Load List": "Load List",
	"Open Selection": "Open Selection",
	"Apply to Select": "Apply to Selection",
	"Set List to Ent": "Set List To Enterable",
	"Exit Enter in L": "Exit Enterable List Mode",
	"Include": "Include",
	"Exclude": "Exclude",
	"New Record": "New Record",
	"Send Message": "Send Message",
	"Calculate": "Calculate Total",
	"Add To Order": "Add Selected Item only To  RMA order",
	"View Details": "Display Item Details (Stock/Restock)",
	"Draw Items": "Reserve (Commit) Ordered Items",
	"Process": "Process This Order",
	"Add Subscriptio": "Make New Subscription",
	"Select Default ": "Select Default Items",
	"Create and Add ": "Create and Add Items",
	"Publish": "Publish Selected Edition",
	"Reload List": "Reload Selection",
	"Hide Subset": "Remove Highlighted Records",
	"Show All List": "Show All Records in List",
	"Internal Note": "Show Internal Note",
	"Invoice Note": "Show Note Appearing On Invoice",
	"RMA": "Create An RMA",
	"Payment": "Make Payment And Show Payment History",
	"GenEditions": "Generate New Editions",
	"Stock lot": "Stock Lot",
	"CreditCard": "Credit Card Numbers",
	"Place Order": "Generate order for the selected schedules.",
	"CustDiscRules": "Customer discounts do not apply to Dues or Modified Prices.",
	"ordBuyerType": "Set the fee schedule and member type for this order only.",
	"ordTaxField": "Set the entire form's Taxable state.",
	"ordTaxAmt": "Set a custom tax amount (local taxes).",
	"Shipping Note": "Show Shipping Notes",
	"Profile": "Display On-Screen Profile",
	"Company": "Go To Company Record",
	"Email Encounter": "Email Encounter Confirmation",
	"Memo": "Send Memo Via Email/Fax and view correspondence history",
	"Audit": "Display Record Audit Trail",
	"CloneCompPerson": "Clone Record",
	"NotifyMethod": "Default Notification Method",
	"Add Address": "Add New Address",
	"Delete Address": "Delete Selected Address",
	"Link Company Ad": "Link Company's Address To Person",
	"Link Address": "Search And Link To Person Or Company Address",
	"Display Address": "Display All People/Companies That Are Linked To This Address",
	"DBA names": "Other Names This Person/Company Is Doing Business As",
	"Print": "Print",
	"OrderHistShipBi": "Show both Ship To and  Bill To items",
	"OrderHistShip": "Show only Ship To items",
	"OrderHistBill": "Show only Bill to items",
	"FindAddItem": "Find and Add Item to Order...",
	"Remove Item": "Remove Item",
	"Adjust Stock": "Adjust Existing Lots With Negative Or Positive Lot",
	"Select Item...": "Select Item...",
	"New Receipt Ent": "New Entry (Enter Key)",
	"Add Qty": "Change Quantity",
	"Mass Generate": "Mass Generate this order (Open Status) for selected records...",
	"ShowDescription": "Show more information...",
	"GotoBillTo": "Open Record",
	"GotoShipTo": "Open Record",
	"GotoAttendee": "Open Record",
	"MoreInfo": "More information...",
	"GracePeriodInDa": "Grace period (days) before membership is terminated...",
	"Continue": "Continue",
	"GotoFullfiller": "Go To Fullfiller Record",
	"ReloadPartFromD": "Reload Part From Data...",
	"SurveyQuestionT": "F5",
	"SurveyResponseT": "F6",
	"SurveyCheckBox": "F7",
	"SurveyFillinthe": "F8",
	"New File": "New File",
	"Select Existing": "Select From Existing Files",
	"Print Travel In": "Include Travel (Arrival and Departure) information on the Registration Confirmation report.",
	"Print Accomodat": "Include Accomodation (hotel) information on the Registration Confirmation report.",
	"Item Details": "Display Item Details/History",
	"Media": "Label was sold on this media",
	"LabelDefinition": "Print/Export using label definition indicated here.",
	"Check In": "Check In (attended)",
	"Import": "Import...",
	"Stop": "Stop (Set To \"Fullfilled\" Status)",
	"Open Order Item": " All items from unprocessed orders",
	"Help text #108": "Extended history - allows you to print, in Monthly Statement form, as much invoice & payment history, for a SINGLE person or company as needed.  Display ONE person or company in the control center.",
	"Add Negative Ch": "Add Negative Charge",
	"InSel": "Search within the current selection of records.",
	"vNot": "Search for records that do not equal search criteria.",
	"Suffix": "Suffix for Person (e.g. PhD.)",
	"Name (Last,Firs": "Person Name: Salutation. Last, First Initial Suffixes",
	"Options Button": "Click for special actions.",
	"ItemMgrPrice": "Prices here do not reflect discounts, or negative charges.  These will be calculated when the 'Add Items' button is clicked.",
	"New Record Enti": "Make a new record...",
	"aCriteria": "Select search criteria.  Searches on Items marked with an (*) will execute more slowly.",
	"Detach Planner ": "Detach Company Or Person Record From The Selected Row",
	"Attach Planner ": "Attach Company Or Person Record To The Selected Row",
	"Delete Schedule": "Deletes Highlighted Schedule.",
	"Delete DayPlann": "Deletes Highlighted Day Planner.",
	"Add Resourc": "Adds Volunteer Resource To This Record. Resources Available Are Based On A Choice List.",
	"Delete Vol Cont": "Deletes Highlighted Contact Information",
	"Delete Resource": "Deletes Highlighted Volunteer Resource From This Record",
	"Add Engagement": "Drag a Resource topic (lowest level) from the Available Resources area to create an engagement.",
	"Add DayPlanner": "Add Item To Day Planner. If You Want To Attach A Planner Item To An Encounter, Drag The Encounter To This Area To Create The Planner Item.",
	"Add Contact": "Drag an Engagement into this area to create a specific Contact.",
	"Add Encounter": "Add New Encounter",
	"Delete Encounte": "Delete Highlighted Encounter",
	"Add Enctr Keysw": "Assign Keywords To Highlighted encounter",
	"Deleted Enctr K": "Remove Keywords Assigned To Highlighted Encounter",
	"Deleted DayPlan": "Deletes Planner Item",
	"EncounterPlanne": "Attach Encounters And Day Planner Items",
	"View Keys": "View Keywords",
	"View EnctPlanne": "View Encounter and Planner Items",
	"Add Lot": "Add New Lots",
	"Rolodex": "Display Selected Address In Window For Copy/Paste",
	"Save": "Save Changes",
	"Conference Acti": "Checking this checkbox will display this conference on the control center popup menu.",
	"Add Record": "Add a New Record",
	"Add": "Add",
	"Delete": "Delete",
	"Sponsor": "Sponsor",
	"Email Invoice": "Email Selected Invoice",
	"EntityAlert": "Notes That You Want Users To See When They Open This Record",
	"OrderAlert": "Notes That You Want Users To See When Creating An Order Against This Record",
	"MailingListsBut": "Add To Mailing Lists",
	"Linkunpublished": "Link unpublished editions",
	"Linkpublished": "Link already published editions",
	"Add Meeting Roo": "Add New Meeting Room",
	"Delete Meeting ": "Delete Highlighted Meeting Room",
	"Add Hotel": "Add New Hotel To Conference",
	"Remove Hotel": "Remove Highlighted Hotel From Conference",
	"LinkItemConf": "Link Item To Conference",
	"CreateNewConf": "Create New Item Within Conference",
	"Delete Item": "Delete Item",
	"Cancel Record": "Cancel Record",
	"Add CostCent": "Add Cost Center",
	"RemCostCent": "Remove Cost Center",
	"Add Keyword": "Add Keyword",
	"Remove Keyword": "Remove Keyword",
	"Add Speaker": "Add Speaker",
	"Remove Speaker": "Remove Speaker",
	"Close Batch": "Close Batch",
	"Post Batch": "Post Batch",
	"Make Roles Inac": "Make Committee Roles Inactive",
	"Update": "Update",
	"Email Addy": "Display Additional Email Addresses",
	"Add Person": "Add Person",
	"Maximize": "Maximize",
	"Attachment": "Add Attachment To Email",
	"Rem Atachment": "Remove Attachment From Email",
	"Close": "Close",
	"Print Preview": "Print Preview",
	"Send Mail": "Send Mail, Send Faxes, Or Print Letters",
	"Load Letter": "Load Letter",
	"Save Letter": "Save Letter",
	"Add Question": "Adds A New Question",
	"Delete Question": "Deletes The Highlighted Question",
	"Add Answer": "Adds A New Answer",
	"Delete Answer": "Deletes The Highlighted Answer",
	"Attach List": "Attach List",
	"Email Invoices": "Email Invoice Information",
	"SelectEmailType": "Send to Email Types",
	"Add Schedules": "New Schedules are created for the Project and the Type of Engagement that are currently displayed in the popups.",
	"BillEngagePerso": "Show other Providers linked to this Engagement",
	"BillEngageInven": "Show all Charges that can be be used to bill for this Schedule",
	"BillEngageCntrc": "Modify Schedule Detail",
	"LinkBillEngage": "Link to Project Engagement",
	"orderopen": "Open Order",
	"CalculateProces": "Calculate Processed Orders for the Displayed Engagements",
	"Export Document": "Export Document to local hard drive",
	"Import document": "Import document from local harddrive",
	"Delete document": "Delete document from database.",
	"applyenddate": "Apply end dates to selected schedules",
	"showproviderenc": "Show all project encounters for the provider of the selected schedule.",
	"providermailmer": "Mail merge the providers of the selected schedules.",
	"showallprovider": "Show all schedules within the selected month for the provider of the selected schedule.",
	"Duplicate": "Duplicate Schedule",
	"RMA all": "Add all items to RMA order",
	"Open record": "Open record/Verify Record",
	"Rolodex2": "Double-click to display address In window for copy/paste",
	"AddresCorrectio": "Full address correction (CAS certified all caps)",
	"Send Email": "Send Email",
	"GoToWeb": "Go To Website",
	"Zip Addr Correc": "Full address correction (all lower case NOT CAS certified)",
	"emailSubject": "Show  e-mail subject",
	"emailAttach": "Show  e-mail attachments",
	"GuestToPerson": "Change Guest into a Person",
	"AddGuest": "Add Guest Pass",
	"AddRegPass": "Add Registrant Pass",
	"GuestPassMandit": "Inforce that all Guest registrants have a pass.",
	"AddOrder": "Place new order",
	"AddRelateMbr": "Place related member order",
	"TestHtml": "Test your Html by sending an email to your self.",
	"ConvertToHtml": "Convert and send this email in Html format",
	"WebNote": "Web order notes",
	"BundledProjectC": "Link bundled project charges",
	"Project charges": "Link single project charges+",
	"emailpassword": "Email password",
	"StorePictures": "Store pictures for printing and publishing to the web",
	"AttachToEncount": "Attach local document to selected encounter",
	"DeleteAttachEco": "Delete document attached to selected encounter",
	"CopyAttachEncou": "Copy document attached to encounter to local harddrive",
	"MailHistory": "Shows mail history only from inside an individual company/person records or with one record in selection on the control center.",
	"add PlannerEnc": "Assign Day planner to highlighted encounter",
	"Display Hyperli": "Display Hyperlink for directly linking to this item",
	"OpenBigWindow": "Display field contents in expandable window",
	"AttachToExistin": "Use a list to add people to the existing list",
	"AttachRemove": "Use a list to remove people from the existing list",
	"Delete Selectio": "Delete Highlighted Records",
	"Report": "Quick Reports",
	"Print Labels": "Print Labels",
	"Print Selection": "Print",
	"Graph Table": "Graphs and Charts",
	"Clear list": "Clear List",
	"Email Orgininal": "Send a copy of the  orginal email and format of the order confirmation",
	"test email": "Send test email",
	"EmailInvoicePre": "Send email to alternate address",
	"CreateAddress": "Turn custom address into a permanent address",
	"emailItinerary": "Email itinerary confirmation",
	"Add Document": "Add document to database",
	"Open Document": "Open document",
	"SpellCheck": "Spell checking",
	"CloneQuestion": "Duplicate Question",
	"LoadSavedSearc": "Import a locally saved search into the datbase.",
	"PlaySeach": "Load and play back a saved search.",
	"RecordSearch": "Click to start recording your searches. Click again to stop recording and save your search.",
	"PlayLocalSearc": "Load and execute a search stored on you local disk.",
	"Import Inv Doc": "Import document from local harddrive (This feature requires MbrMax SMTP worker)",
	"Delete Inv Doc": "Delete document from database (This feature requires MbrMax SMTP worker)",
	"LtrHtml": "Import text to create html",
	"EmailWhenReg": "Send an email to these addresses every time someone registers for this conference.",
	"Untitled": "",
	"First Record1": "First record",
	"Last Record1": "Last Record",
	"Previous Recor1": "Previous Record",
	"Next Record1": "Next Record",
	"Cancel Record1": "Cancel Record",
	"Save Record1": "Save Record",
	"GoToWeb1": "Go To Website",
	"Email Addy1": "Display Additional Email Addresses",
	"Send Email1": "Send Email",
	"Untitled1": "",
	"Untitled2": "",
	"EntityAlert1": "Notes That You Want Users To See When They Open This Record",
	"Add Address1": "Add New Address",
	"Audit1": "Display Record Audit Trail",
	"CloneCompPerso1": "Clone Record",
	"DBA names1": "Other Names This Person/Company Is Doing Business As",
	"MailingListsBu1": "Add To Mailing Lists",
	"Memo1": "Send Memo Via Email/Fax and view correspondence history",
	"StorePictures1": "Store pictures for printing and publishing to the web",
	"Rolodex23": "Double-click to display address In window for copy/paste",
	"NotifyMethod1": "Default Notification Method",
	"Suffix1": "Suffix for Person (e.g. PhD.)",
	"Company1": "Go To Company Record",
	"Profile1": "Display On-Screen Profile",
	"Sponsor1": "Sponsor",
	"emailpassword1": "Email password",
	"Untitled12": "",
	"Untitled13": "",
	"vNot1": "Search for records that do not equal search criteria.",
	"InSel1": "Search within the current selection of records.",
	"Clear1": "Clear query",
	"Query1": "Query",
	"Ad Hoc Query1": "Ad Hoc Query",
	"aCriteria1": "Select search criteria.  Searches on Items marked with an (*) will execute more slowly.",
	"Set List to En1": "Set List To Enterable",
	"Exit Enter in 1": "Exit Enterable List Mode",
	"Add Item1": "Add Item",
	"Delete Record1": "Delete Record",
	"Revert List1": "Revert List",
	"Include1": "Include",
	"Exclude1": "Exclude",
	"Attach Planner1": "Attach Company Or Person Record To The Selected Row",
	"Detach Planner1": "Detach Company Or Person Record From The Selected Row",
	"Apply to Selec1": "Apply to Selection",
	"Save List1": "Save List",
	"Load List1": "Load List",
	"View Keys1": "View Keywords",
	"View EnctPlann1": "View Encounter and Planner Items",
	"Delete Record12": "Delete Record",
	"Open Selection1": "Open Selection",
	"Options Button1": "Click for special actions.",
	"vNot12": "Search for records that do not equal search criteria.",
	"InSel12": "Search within the current selection of records.",
	"Untitled123": "",
	"PlaySeach1": "Load and play back a saved search.",
	"Clear12": "Clear query",
	"Query12": "Query",
	"Ad Hoc Query12": "Ad Hoc Query",
	"RecordSearch1": "Click to start recording your searches. Click again to stop recording and save your search.",
	"Revert List12": "Revert List",
	"Clear list1": "Clear List",
	"Include12": "Include",
	"Exclude12": "Exclude",
	"New Record1": "New Record",
	"Set List to En2": "Set List To Enterable",
	"Untitled124": "",
	"Untitled1234": "",
	"Untitled12345": "",
	"Untitled123456": "",
	"Calculate1": "Calculate Total",
	"Untitled1234567": "",
	"Calculate12": "Calculate Total",
	"LabelDefinitio1": "Print/Export using label definition indicated here.",
	"Untitled1234568": "",
	"ordTaxField1": "Set the entire form's Taxable state.",
	"Cancel Record12": "Cancel Record",
	"Save Record12": "Save Record",
	"ordBuyerType1": "Set the fee schedule and member type for this order only.",
	"GotoAttendee1": "Open Record",
	"First Record12": "First record",
	"Last Record12": "Last Record",
	"Previous Recor2": "Previous Record",
	"Next Record12": "Next Record",
	"EncounterPlann1": "Attach Encounters And Day Planner Items",
	"Profile12": "Display On-Screen Profile",
	"Internal Note1": "Show Internal Note",
	"Payment1": "Make Payment And Show Payment History",
	"RMA1": "Create An RMA",
	"Print1": "Print",
	"GotoShipTo1": "Open Record",
	"GotoBillTo1": "Open Record",
	"Process1": "Process This Order",
	"Profile123": "Display On-Screen Profile",
	"View Details1": "Display Item Details (Stock/Restock)",
	"Remove Item1": "Remove Item",
	"Add Item12": "Add Item",
	"Stop1": "Stop (Set To \"Fullfilled\" Status)",
	"Add Negative C1": "Add Negative Charge",
	"Untitled1234569": "",
	"CustDiscRules1": "Customer discounts do not apply to Dues or Modified Prices.",
	"Profile1234": "Display On-Screen Profile",
	"Lookup1": "Lookup",
	"CreateAddress1": "Turn custom address into a permanent address",
	"RMA all1": "Add all items to RMA order",
	"Profile12345": "Display On-Screen Profile",
	"Add Item123": "Add Item",
	"Remove Item12": "Remove Item",
	"Print12": "Print",
	"Add Item1234": "Add Item",
	"Reload List1": "Reload Selection",
	"Open record1": "Open record/Verify Record",
	"Remove Item123": "Remove Item",
	"Add Item12345": "Add Item",
	"GuestToPerson1": "Change Guest into a Person",
	"Untitled1234510": "",
	"Add1": "Add",
	"Delete1": "Delete",
	"Internal Note12": "Show Internal Note",
	"Invoice Note1": "Show Note Appearing On Invoice",
	"Shipping Note1": "Show Shipping Notes",
	"Delete Record13": "Delete Record",
	"Draw Items1": "Reserve (Commit) Ordered Items",
	"Lookup12": "Lookup",
	"Profile123456": "Display On-Screen Profile",
	"CreateAddress12": "Turn custom address into a permanent address",
	"Untitled123458": "",
	"OrderHistShip1": "Show both Ship To and  Bill To items",
	"OrderHistBill1": "Show only Bill to items",
	"Cancel1": "Cancel",
	"Continue1": "Continue"
}