<?xml version="1.0" encoding="UTF-8" standalone="no" ?>
<OfficeBindings DocPath="Macintosh HD:Users:jcapy2:Library:Application Support:4D:DevMbrMax092905.4DB_10_0_0_3:Extras:Templates:Excel:Invoice_Report.xml">

  <Variable BoundTo="" Cfield="0" Ctype="" LoopingOn="" Name="OFOBJL_TableName"/>

  <Variable BoundTo="LFMname" Cfield="0" Ctype="Field" LoopingOn="" Name="OFOBJL_Title1"/>

  <Variable BoundTo="Mail Address1" Cfield="0" Ctype="Field" LoopingOn="" Name="OFOBJL_Title2"/>

  <Variable BoundTo="Mail Address2" Cfield="0" Ctype="Field" LoopingOn="" Name="OFOBJL_Title3"/>

  <Variable BoundTo="Mail City" Cfield="0" Ctype="Field" LoopingOn="" Name="OFOBJL_Title4"/>

  <Variable BoundTo="Mail State" Cfield="0" Ctype="Field" LoopingOn="" Name="OFOBJL_Title5"/>

  <Variable BoundTo="Mail Zip" Cfield="0" Ctype="Field" LoopingOn="" Name="OFOBJL_Title6"/>

  <Variable BoundTo="Phone" Cfield="0" Ctype="Field" LoopingOn="" Name="OFOBJL_Title7"/>

  <Variable BoundTo="Fax" Cfield="0" Ctype="Field" LoopingOn="" Name="OFOBJL_Title8"/>

  <Array BoundTo="LFMname" Cfield="56" Ctype="Field" LoopingOn="OFOBJL_Numrecs" Name="OFOBJL_Myfield1{OFOBJL_Numrecs}"/>

  <Array BoundTo="Mail Address1" Cfield="15" Ctype="Field" LoopingOn="OFOBJL_Numrecs" Name="OFOBJL_Myfield2{OFOBJL_Numrecs}"/>

  <Array BoundTo="Mail Address2" Cfield="16" Ctype="Field" LoopingOn="OFOBJL_Numrecs" Name="OFOBJL_Myfield3{OFOBJL_Numrecs}"/>

  <Array BoundTo="Mail City" Cfield="17" Ctype="Field" LoopingOn="OFOBJL_Numrecs" Name="OFOBJL_Myfield4{OFOBJL_Numrecs}"/>

  <Array BoundTo="Mail State" Cfield="18" Ctype="Field" LoopingOn="OFOBJL_Numrecs" Name="OFOBJL_Myfield5{OFOBJL_Numrecs}"/>

  <Array BoundTo="Mail Zip" Cfield="19" Ctype="Field" LoopingOn="OFOBJL_Numrecs" Name="OFOBJL_Myfield6{OFOBJL_Numrecs}"/>

  <Array BoundTo="Phone" Cfield="22" Ctype="Field" LoopingOn="OFOBJL_Numrecs" Name="OFOBJL_Myfield7{OFOBJL_Numrecs}"/>

  <Array BoundTo="Fax" Cfield="23" Ctype="Field" LoopingOn="OFOBJL_Numrecs" Name="OFOBJL_Myfield8{OFOBJL_Numrecs}"/>

  <Array BoundTo="PERSON" Cfield="8" Ctype="Table" LoopingOn="" Name="NumRecs"/>

</OfficeBindings>
