<?xml version="1.0" encoding="UTF-8" standalone="no" ?>
<iCalBindings DocPath="Macintosh HD:Users:jcapy2:Library:Application Support:4D:DevMbrMax092905.4DB_10_0_0_3:Extras:Preferences:iCal:Day_Planner:iCal.xml">

  <Calendar BoundTo="" Field=""/>

  <Summary BoundTo="Description" Field="8"/>

  <Status BoundTo="" Field=""/>

  <startDatestring BoundTo="Activity_StartDate" Field="2"/>

  <endDatestring BoundTo="Activity_EndDate" Field="3"/>
  
   <StartTimestring BoundTo="Time" Field="15"/>

  <endTimestring BoundTo="" Field=""/>

  <Location BoundTo="" Field=""/>

  <URL BoundTo="" Field=""/>

  <Body BoundTo="Notes" Field="10"/>

</iCalBindings>
