<?xml version="1.0" encoding="UTF-8" standalone="no" ?>
<AddressBookBindings DocPath="Macintosh HD:Users:jcapy2:Library:Application Support:4D:DevMbrMax092905.4DB_10_0_0_3:Extras:Preferences:AddressBook:PERSON:AddressBook.xml">

  <firstname BoundTo="First Name" Field="4"/>

  <lastname BoundTo="Last Name" Field="3"/>

  <Address BoundTo="Mail Address1" Field="15"/>

  <City BoundTo="Mail City" Field="17"/>

  <State BoundTo="Mail State" Field="18"/>

  <Zip BoundTo="Mail Zip" Field="19"/>

  <Email BoundTo="EMail1" Field="45"/>

  <Company BoundTo="Company Name" Field="7"/>

  <Phone BoundTo="Phone" Field="22"/>

  <web BoundTo="WebPage" Field="86"/>

</AddressBookBindings>
