<macros>
	<macro name="-">
		<text>
		</text>
	</macro>
	<macro name="DAX On Web Connection">
		<text>
C_TEXT($1;$2;$3;$4;$5;$6)
C_TEXT($url_t;$header_t;$clientIP_t;$serverIP_t;$user_t;$pass_t)

$url_t:=$1
$header_t:=$2
$clientIP_t:=$3
$serverIP_t:=$4
$user_t:=$5
$pass_t:=$6

Case of

: (($url_t="DAX@") | ($url_t="/DAX@"))
DAX_Dev_OnWebConn ($url_t;$header_t;$clientIP_t;$serverIP_t;$user_t;$pass_t)

Else 
` handle non-DAX requests in other cases or here
`---------------------------------------------------

End case
		</text>
	</macro>
</macros>
