<?xml version="1.0" encoding="UTF-8" standalone="no" ?>
<errors>

    <CallBackEventCannotBeModified>
        <message>Das ausgewählte Call-Back Ereignis kann nicht geändert werden.</message>
    </CallBackEventCannotBeModified>
	
    <CommandNotRecognized>
        <message>Die ausgewählte Aktion ist nicht verfügbar. Bitte informieren Sie den System-Administrator.</message>
    </CommandNotRecognized>
    
	<DAXUnavailable>
		<message>Das DAX System ist derzeit nicht verfügbar oder nicht korrekt initialisiert.</message>
	</DAXUnavailable>

	<DDWIsMissingFromTheDatabase>
		<message>Die angeforderte DDW kann nicht gefunden werden.</message>
	</DDWIsMissingFromTheDatabase>
	
    <DeleteNotAllowed>
        <message>Das Löschen dieses Datensatzes ist nicht erlaubt.</message>
    </DeleteNotAllowed>

    <DuplicatedKey>
        <message>Für dieses Feld ist ein eindeutiger Wert erforderlich.</message>
    </DuplicatedKey>

    <FieldIdMissing>
        <message>Es wurde eine ungültige Anforderung (FieldIDMissing) gesendet. Bitte informieren Sie den System-Administrator.</message>
    </FieldIdMissing>
     
    <HandlerIDMissing>
        <message>Es wurde eine ungültige Anforderung (HandlerIDMissing) gesendet. Bitte informieren Sie den System-Administrator.</message>
    </HandlerIDMissing>
     
    <IllegalAccessPoint>
        <message>Sie haben sich gleichzeitig von mehreren Computern oder Browsern angemeldet. Die Session ist geschlossen.</message>
    </IllegalAccessPoint>
     
    <Internal4DError>
        <message>Ein Systemfehler ist aufgetreten. Bitte informieren Sie den System-Administrator</message>
    </Internal4DError>
     
    <InvalidBreakpoint>
        <message>Es wurde eine ungültige Anforderung (InvalidBreakpoint) gesendet. Bitte informieren Sie den System-Administrator.</message>
    </InvalidBreakpoint>
    
	<InvalidDDWID>
		<message>Ungültige DDW ID.</message>
	</InvalidDDWID>
	
    <InvalidFieldType>
        <message>Es wurde eine ungültige Anforderung (InvalidFieldType) gesendet. Bitte informieren Sie den System-Administrator.</message>
    </InvalidFieldType>

    <InvalidFieldID>
        <message>Ungültige Feld-ID.</message>
    </InvalidFieldID>
	
    <InvalidGroupNumber>
        <message>Es wurde eine ungültige Anforderung (InvalidGroupNumbe) gesendet. Bitte informieren Sie den System-Administrator.</message>
    </InvalidGroupNumber>
    
    <InvalidHandlerID>
        <message>Es wurde eine ungültige Anforderung (InvalidHandlerID) gesendet. Bitte informieren Sie den System-Administrator.</message>
    </InvalidHandlerID>
    
	<InvalidObjectType>
		<message>Der angegebene Objekttyp ist ungültig.</message>
	</InvalidObjectType>
	
    <InvalidPrivileges>
        <message>Ihre Berechtigung reicht für diese Aktion nicht aus. Bitte besprechen Sie dies mit dem System-Administrator.</message>
    </InvalidPrivileges>
     
    <InvalidQueryComparator>
        <message>Es wurde eine ungültige Anforderung (InvalidQueryComparato) gesendet. Bitte informieren Sie den System-Administrator.</message>
    </InvalidQueryComparator>
     
    <InvalidQueryField>
        <message>Es wurde eine ungültige Anforderung (InvalidQueryField) gesendet. Bitte informieren Sie den System-Administrator.</message>
    </InvalidQueryField>
     
    <InvalidQueryId>
        <message>Es wurde eine ungültige Anforderung (InvalidQueryId) gesendet. Bitte informieren Sie den System-Administrator.</message>
    </InvalidQueryId>
     
    <InvalidQueryTable>
        <message>Es wurde eine ungültige Anforderung (InvalidQueryTable) gesendet. Bitte informieren Sie den System-Administrator.</message>
    </InvalidQueryTable>
  
    <InvalidSessionId>
        <message>Ihre Session ist ungültig. Bitte melden Sie sich neu an.</message>
    </InvalidSessionId>
     
    <InvalidSortDirection>
        <message>Es wurde eine ungültige Anforderung (InvalidSortDirection) gesendet. Bitte informieren Sie den System-Administrator.</message>
    </InvalidSortDirection>
     
    <InvalidTableId>
        <message>Es wurde eine ungültige Anforderung (InvalidTableId) gesendet. Bitte informieren Sie den System-Administrator.</message>
    </InvalidTableId>
     
    <InvalidTableNumber>
        <message>Es wurde eine ungültige Anforderung (InvalidTableNumber) gesendet. Bitte informieren Sie den System-Administrator.</message>
    </InvalidTableNumber>
     
    <InvalidUsernameOrPassword>
        <message>Der Benutzername oder das Kennwort ist falsch. Bitte melden Sie sich neu an.</message>
    </InvalidUsernameOrPassword>

    <LoginPasswordMissing>
        <message>Das Kennwort fehlt. Bitte melden Sie sich neu an.</message>
    </LoginPasswordMissing>

    <LoginUsernameMissing>
        <message>Der Benutzername fehlt. Bitte melden Sie sich neu an.</message>
    </LoginUsernameMissing>

    <NoContentUploaded>
        <message>Es wurde eine ungültige Anforderung (NoContentUploaded) gesendet. Bitte informieren Sie den System-Administrator.</message>
    </NoContentUploaded>

    <NonModifiableField>
        <message>Es wurde versucht ein nicht änderbares Feld zu ändern.</message>
    </NonModifiableField>

	<NoRecordAdded>
        <message>Es wurde kein Datensatz angelegt, weil keine Daten eingegeben wurden.</message>
    </NoRecordAdded>
	
	<NotEnoughInfoToSetDDW>
		<message>Es konnte kein DDW dem Objekt zugewiesen werden, da die Anforderung nicht genügend Informationen enthielt.</message>
	</NotEnoughInfoToSetDDW>
	
    <PreferencesUpdateFinished>
        <message>Die Aktualisierung der Voreinstellungen wurde abgeschlossen.</message>
    </PreferencesUpdateFinished>

    <PreferencesUpdateRunning>
        <message>Die Aktualisierung der Voreinstellungen läuft.</message>
    </PreferencesUpdateRunning>

    <PreferencesUpdateStarted>
        <message>Die Aktualisierung der Voreinstellungen wurde gestartet.</message>
    </PreferencesUpdateStarted>

    <QueryIdMissing>
        <message>Es wurde eine ungültige Anforderung (QueryIdMissing) gesendet. Bitte informieren Sie den System-Administrator.</message>
    </QueryIdMissing>

    <QueryIdNotFound>
        <message>Es wurde eine ungültige Anforderung (QueryIdNotFound) gesendet. Bitte informieren Sie den System-Administrator.</message>
    </QueryIdNotFound>

    <QueryLengthMissing>
        <message>Es wurde eine ungültige Anforderung (QueryLengthMissing) gesendet. Bitte informieren Sie den System-Administrator.</message>
    </QueryLengthMissing>

    <QueryStartMissing>
        <message>Es wurde eine ungültige Anforderung (QueryStartMissing) gesendet. Bitte informieren Sie den System-Administrator.</message>
    </QueryStartMissing>

    <RelatedRecordsCantDelete>
        <message>Dieser Datensatz konnte nicht gelöscht werden, da es verknüpfte Datensätze gibt.</message>
    </RelatedRecordsCantDelete>

    <RecordDoesNotExist>
        <message>Der angeforderte Datensatz existiert nicht (mehr).</message>
    </RecordDoesNotExist>

    <RecordIdMissing>
        <message>Es wurde eine ungültige Anforderung (RecordIdMissing) gesendet. Bitte informieren Sie den System-Administrator.</message>
    </RecordIdMissing>
	
    <RecordLocked>
        <message>Dieser Datensatz ist derzeit gesperrt und kann weder geändert noch gelöscht werden.</message>
    </RecordLocked>

    <ServerBusyUpdatingPreferences>
        <message>Der Server aktualisiert derzeit die Voreinstellungen.</message>
    </ServerBusyUpdatingPreferences>

    <SessionExpired>
        <message>Ihre Session ist abgelaufen. Bitte melden Sie sich neu an.</message>
    </SessionExpired>

    <SortDirectionMissing>
        <message>Es wurde eine ungültige Anforderung (SortDirectionMissin) gesendet. Bitte informieren Sie den System-Administrator.</message>
    </SortDirectionMissing>

    <TableIdMissing>
        <message>Es wurde eine ungültige Anforderung (TableIdMissing) gesendet. Bitte informieren Sie den System-Administrator.</message>
    </TableIdMissing>

    <TableNotFound>
        <message>Die angeforderte Tabelle kann nicht gefunden werden, vermutlich aufgrund unzuzreichender Berechtigung.</message>
    </TableNotFound>

    <UnsupportedFieldType>
        <message>Es wurde eine ungültige Anforderung (UnsupportedFieldType) gesendet. Bitte informieren Sie den System-Administrator.</message>
    </UnsupportedFieldType>

    <UnsupportedEvent>
        <message>Der gesendete Event-ID wird nicht unterstützt.</message>
    </UnsupportedEvent>

    <SetCallBackEventFail>
		<message>Das Senden eines Callback-Ereignisses ist fehlgeschlagen.</message>
    </SetCallBackEventFail>

    <UserNotFound>
        <message>Es wurde kein Anwender mit diesem Namen oder Kennwort gefunden. Bitte melden Sie sich neu an.</message>
    </UserNotFound>

    <UnableToUploadBinary>
        <message>Der binäre Inhalt konnte nicht übertragen werden.</message>
    </UnableToUploadBinary>
	
</errors>
