<?xml version="1.0" encoding="UTF-8" standalone="no" ?>
<errors>

  <CallBackEventCannotBeModified>
    <message>The selected Callback event cannot be modified</message>
  </CallBackEventCannotBeModified>

  <CommandNotRecognized>
    <message>The requested action is not available. Please inform the system administrator.</message>
  </CommandNotRecognized>

  <DAXUnavailable>
    <message>The DAX system is currently not available or not properly initialized.</message>
  </DAXUnavailable>
  
  <DDWIsMissingFromTheDatabase>
    <message>The request DDW cannot be found.</message>
  </DDWIsMissingFromTheDatabase>

  <DeleteNotAllowed>
    <message>Deleting this record is not allowed.</message>
  </DeleteNotAllowed>

  <DuplicatedKey>
    <message>A unique value is required for this field.</message>
  </DuplicatedKey>

  <FieldIdMissing>
    <message>An incorrect request has been made (FieldIdMissing). Please inform the system administrator.</message>
  </FieldIdMissing>

  <HandlerIDMissing>
    <message>An incorrect request has been made (HandlerIDMissing). Please inform the system administrator.</message>
  </HandlerIDMissing>

  <IllegalAccessPoint>
    <message>You appear to have logged from multiple computers or browsers. This session has been closed.</message>
  </IllegalAccessPoint>

  <Internal4DError>
    <message>A system error has occured. Please inform the system administrator.</message>
  </Internal4DError>

  <InvalidBreakpoint>
    <message>An incorrect request has been made (InvalidBreakpoint). Please inform the system administrator.</message>
  </InvalidBreakpoint>

  <InvalidDDWID>
    <message>Invalid DDW ID.</message>
  </InvalidDDWID>

  <InvalidFieldType>
    <message>An incorrect request has been made (InvalidFieldType). Please inform the system administrator.</message>
  </InvalidFieldType>

  <InvalidFieldID>
    <message>Field ID is invalid.</message>
  </InvalidFieldID>

  <InvalidGroupNumber>
    <message>An incorrect request has been made (InvalidGroupNumber). Please inform the system administrator.</message>
  </InvalidGroupNumber>

  <InvalidHandlerID>
    <message>An incorrect request has been made (InvalidHandlerID). Please inform the system administrator.</message>
  </InvalidHandlerID>

  <InvalidObjectType>
    <message>The given object type is invalid.</message>
  </InvalidObjectType>

  <InvalidPrivileges>
    <message>You are not allowed to complete the requested action. Please ask the system administrator if you feel this is an error.</message>
  </InvalidPrivileges>

  <InvalidQueryComparator>
    <message>An incorrect request has been made (InvalidQueryComparator). Please inform the system administrator.</message>
  </InvalidQueryComparator>

  <InvalidQueryField>
    <message>An incorrect request has been made (InvalidQueryField). Please inform the system administrator.</message>
  </InvalidQueryField>

  <InvalidQueryId>
    <message>An incorrect request has been made (InvalidQueryId). Please inform the system administrator.</message>
  </InvalidQueryId>

  <InvalidQueryTable>
    <message>An incorrect request has been made (InvalidQueryTable). Please inform the system administrator.</message>
  </InvalidQueryTable>

  <InvalidSessionId>
    <message>Your session has ended. Please login again to continue.</message>
  </InvalidSessionId>

  <InvalidSortDirection>
    <message>An incorrect request has been made (InvalidSortDirection). Please inform the system administrator.</message>
  </InvalidSortDirection>

  <InvalidTableId>
    <message>An incorrect request has been made (InvalidTableId). Please inform the system administrator.</message>
  </InvalidTableId>

  <InvalidTableNumber>
    <message>An incorrect request has been made (InvalidTableNumber). Please inform the system administrator.</message>
  </InvalidTableNumber>

  <InvalidUsernameOrPassword>
    <message>The user name or password supplied is incorrect. Please login again to continue.</message>
  </InvalidUsernameOrPassword>

  <LoginPasswordMissing>
    <message>Login password is missing. Please login again to continue.</message>
  </LoginPasswordMissing>

  <LoginUsernameMissing>
    <message>Login user name is missing. Please login again to continue.</message>
  </LoginUsernameMissing>

  <NoContentUploaded>
    <message>An incorrect request has been made (NoContentUploaded). Please inform the system administrator.</message>
  </NoContentUploaded>

  <NonModifiableField>
    <message>An attempt has been made to modify a field that can not be modified.</message>
  </NonModifiableField>

  <NoRecordAdded>
    <message>No record is added to the table because no data is provided.</message>
  </NoRecordAdded>

  <NotEnoughInfoToSetDDW>
    <message>Unable to set a DDW to an object. The request does not contain enough information.</message>
  </NotEnoughInfoToSetDDW>

  <PreferencesUpdateFinished>
    <message>The preferences have finished updating.</message>
  </PreferencesUpdateFinished>

  <PreferencesUpdateRunning>
    <message>The preferences update is running.</message>
  </PreferencesUpdateRunning>

  <PreferencesUpdateStarted>
    <message>The preferences update has started.</message>
  </PreferencesUpdateStarted>

  <QueryIdMissing>
    <message>An incorrect request has been made (QueryIdMissing). Please inform the system administrator.</message>
  </QueryIdMissing>

  <QueryIdNotFound>
    <message>An incorrect request has been made (QueryIdNotFound). Please inform the system administrator.</message>
  </QueryIdNotFound>

  <QueryLengthMissing>
    <message>An incorrect request has been made (QueryLengthMissing). Please inform the system administrator.</message>
  </QueryLengthMissing>

  <QueryStartMissing>
    <message>An incorrect request has been made (QueryStartMissing). Please inform the system administrator.</message>
  </QueryStartMissing>

  <RelatedRecordsCantDelete>
    <message>This record can not be deleted because there are related records.</message>
  </RelatedRecordsCantDelete>

  <RecordDoesNotExist>
    <message>The requested record does not exist in the database.</message>
  </RecordDoesNotExist>

  <RecordIdMissing>
    <message>An incorrect request has been made (RecordIdMissing). Please inform the system administrator.</message>
  </RecordIdMissing>

  <RecordLocked>
    <message>This record is currently locked and can not be modified or deleted.</message>
  </RecordLocked>

  <ServerBusyUpdatingPreferences>
    <message>The server is currently updating the preferences.</message>
  </ServerBusyUpdatingPreferences>

  <SessionExpired>
    <message>Your session has ended. Please login again to continue.</message>
  </SessionExpired>

  <SortDirectionMissing>
    <message>An incorrect request has been made (SortDirectionMissing). Please inform the system administrator.</message>
  </SortDirectionMissing>

  <TableIdMissing>
    <message>An incorrect request has been made (TableIdMissing). Please inform the system administrator.</message>
  </TableIdMissing>

  <TableNotFound>
    <message>The requested table is not found. You may have insufficient privileges.</message>
  </TableNotFound>

  <UnsupportedFieldType>
    <message>An incorrect request has been made (UnsupportedFieldType). Please inform the system administrator.</message>
  </UnsupportedFieldType>

  <UnsupportedEvent>
    <message>The submitted event id is not supported.</message>
  </UnsupportedEvent>

  <SetCallBackEventFail>
    <message>An attempt to set a Callback event has failed.</message>
  </SetCallBackEventFail>

  <UserNotFound>
    <message>No user found with that name and or password. Please login again to continue.</message>
  </UserNotFound>

  <UnableToUploadBinary>
    <message>Unable to upload the binary content.</message>
  </UnableToUploadBinary>

</errors>
