﻿<?xml version="1.0" encoding="UTF-8" standalone="no" ?>
<errors>

  <CallBackEventCannotBeModified>
    <message>El evento Callback no puede ser modificado</message>
  </CallBackEventCannotBeModified>

  <CommandNotRecognized>
    <message>La acción solicitada no está disponible. Por favor informe al administrador del sistema.</message>
  </CommandNotRecognized>

  <DAXUnavailable>
    <message>El sistema DAX no está disponible actualmente o no fue inicializado apropiadamente.</message>
  </DAXUnavailable>
  
  <DDWIsMissingFromTheDatabase>
    <message>No se pudo encontrar la solicitud DDW.</message>
  </DDWIsMissingFromTheDatabase>

  <DeleteNotAllowed>
    <message>No se permite borrar este registro .</message>
  </DeleteNotAllowed>

  <DuplicatedKey>
    <message>Se requiere un valor único para este campo.
</message>
  </DuplicatedKey>

  <FieldIdMissing>
    <message>Se ha efectuado una solicitud incorrecta (FieldIdMissing). Por favor informe al administrador del sistema.</message>
  </FieldIdMissing>

  <HandlerIDMissing>
    <message>Se ha efectuado una solicitud incorrecta  (HandlerIDMissing). Por favor informe al administrador del sistema.</message>
  </HandlerIDMissing>

  <IllegalAccessPoint>
    <message>Usted aparece conectado desde varios computadores o navegadores. Esta sesión ha sido cerrada.</message>
  </IllegalAccessPoint>

  <Internal4DError>
    <message>Ha ocurrido un error del sistema. Por favor informe al administrador del sistema.</message>
  </Internal4DError>

  <InvalidBreakpoint>
    <message>Se ha efectuado una solicitud incorrecta (InvalidBreakpoint). Por favor informe al administrador del sistema.</message>
  </InvalidBreakpoint>

  <InvalidDDWID>
    <message>ID DDW inválido.</message>
  </InvalidDDWID>

  <InvalidFieldType>
    <message>Se ha efectuado una solicitud incorrecta  (InvalidFieldType). Por favor informe al administrador del sistema.</message>
  </InvalidFieldType>

  <InvalidFieldID>
    <message>El ID del campo es inválido.</message>
  </InvalidFieldID>

  <InvalidGroupNumber>
    <message>Se ha efectuado una solicitud incorrecta  (InvalidGroupNumber). Por favor informe al administrador del sistema.</message>
  </InvalidGroupNumber>

  <InvalidHandlerID>
    <message>Se ha efectuado una solicitud incorrecta   (InvalidHandlerID). Por favor informe al administrador del sistema.</message>
  </InvalidHandlerID>

  <InvalidObjectType>
    <message>El tipo de objeto es inválido.</message>
  </InvalidObjectType>

  <InvalidPrivileges>
    <message>Usted no está autorizado para efectuar esta acción. Por favor consulte al administrador del sistema si considera que esto es un error.</message>
  </InvalidPrivileges>

  <InvalidQueryComparator>
    <message>Se ha efectuado una solicitud incorrecta (InvalidQueryComparator). Por favor informe al administrador del sistema.</message>
  </InvalidQueryComparator>

  <InvalidQueryField>
    <message>Se ha efectuado una solicitud incorrecta (InvalidQueryField). Por favor informe al administrador del sistema.</message>
  </InvalidQueryField>

  <InvalidQueryId>
    <message>Se ha efectuado una solicitud incorrecta (InvalidQueryId). Por favor informe al administrador del sistema.</message>
  </InvalidQueryId>

  <InvalidQueryTable>
    <message>Se ha efectuado una solicitud incorrecta (InvalidQueryTable). Por favor informe al administrador del sistema.</message>
  </InvalidQueryTable>

  <InvalidSessionId>
    <message>Su sesión ha terminado. Por favor regístrese nuevamente para continuar.</message>
  </InvalidSessionId>

  <InvalidSortDirection>
    <message>Se ha efectuado una solicitud incorrecta (InvalidSortDirection). Por favor informe al administrador del sistema.</message>
  </InvalidSortDirection>

  <InvalidTableId>
    <message>Se ha efectuado una solicitud incorrecta (InvalidTableId). Por favor informe al administrador del sistema.</message>
  </InvalidTableId>

  <InvalidTableNumber>
    <message>Se ha efectuado una solicitud incorrecta (InvalidTableNumber). Por favor informe al administrador del sistema.</message>
  </InvalidTableNumber>

  <InvalidUsernameOrPassword>
    <message>El nombre de usuario o contraseña es incorrecto. Por favor introdúzcalos nuevamente para continuar.</message>
  </InvalidUsernameOrPassword>

  <LoginPasswordMissing>
    <message>Falta la contraseña. Por favor introdúzcala para continuar.</message>
  </LoginPasswordMissing>

  <LoginUsernameMissing>
    <message>Falta el nombre de usuario. Por favor introdúzcalo para continuar.</message>
  </LoginUsernameMissing>

  <NoContentUploaded>
    <message>Se ha efectuado una solicitud incorrecta (NoContentUploaded). Por favor informe al administrador del sistema.</message>
  </NoContentUploaded>

  <NonModifiableField>
    <message>Se ha intentado modificar un campo que no puede ser modificado.</message>
  </NonModifiableField>

  <NoRecordAdded>
    <message>Ningún registro se ha añadido a la tabla porque  no se han proporcionado datos.</message>
  </NoRecordAdded>

  <NotEnoughInfoToSetDDW>
    <message>Imposible definir un DDW para un objeto. La solicitud no contiene suficiente información.</message>
  </NotEnoughInfoToSetDDW>

  <PreferencesUpdateFinished>
    <message>La actualización de las preferencias ha terminado.</message>
  </PreferencesUpdateFinished>

  <PreferencesUpdateRunning>
    <message>Se está realizando la actualización de las preferencias .</message>
  </PreferencesUpdateRunning>

  <PreferencesUpdateStarted>
    <message>La actualización de las preferencias ha comenzado.</message>
  </PreferencesUpdateStarted>

  <QueryIdMissing>
    <message>Se ha efectuado una solicitud incorrecta (QueryIdMissing). Por favor informe al administrador del sistema.</message>
  </QueryIdMissing>

  <QueryIdNotFound>
    <message>Se ha efectuado una solicitud incorrecta (QueryIdNotFound). Por favor informe al administrador del sistema.</message>
  </QueryIdNotFound>

  <QueryLengthMissing>
    <message>Se ha efectuado una solicitud incorrecta (QueryLengthMissing). Por favor informe al administrador del sistema.</message>
  </QueryLengthMissing>

  <QueryStartMissing>
    <message>Se ha efectuado una solicitud incorrecta (QueryStartMissing). Por favor informe al administrador del sistema.</message>
  </QueryStartMissing>

  <RelatedRecordsCantDelete>
    <message>Este registro no puede borrarse porque tiene registros relacionados.</message>
  </RelatedRecordsCantDelete>

  <RecordDoesNotExist>
    <message>El registro solicitado no existe en la base de datos.</message>
  </RecordDoesNotExist>

  <RecordIdMissing>
    <message>Se ha efectuado una solicitud incorrecta (RecordIdMissing). Por favor informe al administrador del sistema.</message>
  </RecordIdMissing>

  <RecordLocked>
    <message>Este registro está bloqueado actualmente y no puede ser modificado o borrado.</message>
  </RecordLocked>

  <ServerBusyUpdatingPreferences>
    <message>El servidor está actualizando las preferencias.</message>
  </ServerBusyUpdatingPreferences>

  <SessionExpired>
    <message>Su sesión ha terminado. Por favor regístrese nuevamente para continuar.</message>
  </SessionExpired>

  <SortDirectionMissing>
    <message>Se ha efectuado una solicitud incorrecta (SortDirectionMissing). Por favor informe al administrador del sistema.</message>
  </SortDirectionMissing>

  <TableIdMissing>
    <message>Se ha efectuado una solicitud incorrecta (TableIdMissing). Por favor informe al administrador del sistema.</message>
  </TableIdMissing>

  <TableNotFound>
    <message>La tabla solicitada no se ha encontrado. Puede que usted no tenga los privilegios suficientes.</message>
  </TableNotFound>

  <UnsupportedFieldType>
    <message>Se ha efectuado una solicitud incorrecta (UnsupportedFieldType). Por favor informe al administrador del sistema.</message>
  </UnsupportedFieldType>

  <UnsupportedEvent>
    <message>El evento presentado no está soportado.</message>
  </UnsupportedEvent>

  <SetCallBackEventFail>
    <message>Ha fallado un intento por definir un evento Callback .</message>
  </SetCallBackEventFail>

  <UserNotFound>
    <message>No se ha encontrado un usuario con ese nombre y / o contraseña. Por favor introdúzcalo nuevamente para continuar.</message>
  </UserNotFound>

  <UnableToUploadBinary>
    <message>Imposible cargar el contenido binario.</message>
  </UnableToUploadBinary>

</errors>
