<?xml version="1.0" encoding="UTF-8" standalone="no" ?>
<errors>

  <CallBackEventCannotBeModified>
     <message>L'évènement de retro-appel sélectionné ne peut être modifié</message>
  </CallBackEventCannotBeModified>

  <CommandNotRecognized>
    <message>L'action demandée n'est pas disponible. Merci d'en informer l'administrateur.</message>
  </CommandNotRecognized>

  <DAXUnavailable>
    <message>The DAX system is currently not available or not properly initialized.</message>
  </DAXUnavailable>

  <DDWIsMissingFromTheDatabase>
     <message>La requête DDW n'a pas été trouvée.</message>
  </DDWIsMissingFromTheDatabase>

  <DeleteNotAllowed>
    <message>Supprimer cet enregistrement n'est pas autorisé.</message>
  </DeleteNotAllowed>

  <DuplicatedKey>
     <message>Une valeur unique est attendue pour ce champ.</message>
  </DuplicatedKey>

  <FieldIdMissing>
     <message>Une requête incorrecte a été effectuée (FieldIdMissing). Merci d'en informer l'administrateur.</message>
  </FieldIdMissing>

  <HandlerIDMissing>
    <message>Une requête incorrecte a été effectuée (HandlerIDMissing). Merci d'en informer l'administrateur.</message>
  </HandlerIDMissing>

  <IllegalAccessPoint>
    <message>Vous semblez être connecté depuis plusieurs ordinateurs ou navigateurs. Cette session a été fermée.</message>
  </IllegalAccessPoint>

  <Internal4DError>
    <message>Une erreur système est survenue. Merci d'en informer l'administrateur système.</message>
  </Internal4DError>

  <InvalidBreakpoint>
    <message>Une requête incorrecte a été effectuée (InvalidBreakpoint). Merci d'en informer l'administrateur.</message>
  </InvalidBreakpoint>

  <InvalidDDWID>
    <message>ID DDW invalide.</message>
  </InvalidDDWID>

  <InvalidFieldType>
    <message>Une requête incorrecte a été effectuée (InvalidFieldType). Merci d'en informer l'administrateur.</message>
  </InvalidFieldType>

  <InvalidFieldID>
    <message>L'ID du champ est invalide.</message>
  </InvalidFieldID>

  <InvalidGroupNumber>
    <message>Une requête incorrecte a été effectuée (InvalidGroupNumber). Merci d'en informer l'administrateur.</message>
  </InvalidGroupNumber>

  <InvalidHandlerID>
    <message>Une requête incorrecte a été effectuée (InvalidHandlerID). Merci d'en informer l'administrateur.</message>
  </InvalidHandlerID>

  <InvalidObjectType>
    <message>Le type d'objet donné est invalide.</message>
  </InvalidObjectType>

  <InvalidPrivileges>
     <message>Vous n'avez pas les autorisations pour effectuer cette action. Merci de demander à l'administrateur si vous pensez qu'il s'agit d'une erreur.</message>
  </InvalidPrivileges>

  <InvalidQueryComparator>
     <message>Une requête incorrecte a été effectuée (InvalidQueryComparator). Merci d'en informer l'administrateur.</message>
  </InvalidQueryComparator>

  <InvalidQueryField>
     <message>Une requête incorrecte a été effectuée (InvalidQueryField). Merci d'en informer l'administrateur.</message>
  </InvalidQueryField>

  <InvalidQueryId>
     <message>Une requête incorrecte a été effectuée (InvalidQueryId). Merci d'en informer l'administrateur.</message>
  </InvalidQueryId>

  <InvalidQueryTable>
     <message>Une requête incorrecte a été effectuée (InvalidQueryTable). Merci d'en informer l'administrateur.</message>
  </InvalidQueryTable>

  <InvalidSessionId>
     <message>Votre session a expiré. Merci de vous authentifier à nouveau pour vous continuer.</message>
  </InvalidSessionId>

  <InvalidSortDirection>
    <message>Une requête incorrecte a été effectuée (InvalidSortDirection). Merci d'en informer l'administrateur.</message>
  </InvalidSortDirection>

  <InvalidTableId>
    <message>Une requête incorrecte a été effectuée (InvalidTableId). Merci d'en informer l'administrateur.</message>
  </InvalidTableId>

  <InvalidTableNumber>
     <message>Une requête incorrecte a été effectuée (InvalidTableNumber). Merci d'en informer l'administrateur.</message>
  </InvalidTableNumber>

  <InvalidUsernameOrPassword>
     <message>Le nom d'utilisateur ou le mot de passe saisi est incorrect. Merci de vous authentifier à nouveau pour vous continuer.</message>
  </InvalidUsernameOrPassword>

  <LoginPasswordMissing>
    <message>Le mot de passe est manquant. Merci de vous authentifier à nouveau pour vous continuer.</message>
  </LoginPasswordMissing>

  <LoginUsernameMissing>
    <message>Le nom d'utilisateur est manquant. Merci de vous authentifier à nouveau pour vous continuer.</message>
  </LoginUsernameMissing>

  <NoContentUploaded>
    <message>Une requête incorrecte a été effectuée (NoContentUploaded). Merci d'en informer l'administrateur.</message>
  </NoContentUploaded>

  <NonModifiableField>
    <message>Une tentative de modification d'un champ qui ne peut être modifié a été effectuée.</message>
  </NonModifiableField>

  <NoRecordAdded>
    <message>Aucun enregistrement n'a été ajouté à la table parce qu'aucune donnée n'a été fournie.</message>
  </NoRecordAdded>

  <NotEnoughInfoToSetDDW>
    <message>Impossible de fixer un DDW à un objet. La requête ne contient pas suffisamment d'information.</message>
  </NotEnoughInfoToSetDDW>

  <PreferencesUpdateFinished>
    <message>La mise à jour des préférences est terminée.</message>
  </PreferencesUpdateFinished>

  <PreferencesUpdateRunning>
    <message>La mise à jour des préférences est en cours.</message>
  </PreferencesUpdateRunning>

  <PreferencesUpdateStarted>
    <message>La mise à jour des préférences a commencé.</message>
  </PreferencesUpdateStarted>

  <QueryIdMissing>
     <message>Une requête incorrecte a été effectuée (QueryIdMissing). Merci d'en informer l'administrateur.</message>
  </QueryIdMissing>

  <QueryIdNotFound>
    <message>Une requête incorrecte a été effectuée (QueryIdNotFound). Merci d'en informer l'administrateur.</message>
  </QueryIdNotFound>

  <QueryLengthMissing>
    <message>Une requête incorrecte a été effectuée (QueryLengthMissing). Merci d'en informer l'administrateur.</message>
  </QueryLengthMissing>

  <QueryStartMissing>
     <message>Une requête incorrecte a été effectuée (QueryStartMissing). Merci d'en informer l'administrateur.</message>
  </QueryStartMissing>

  <RelatedRecordsCantDelete>
    <message>Cet enregistrement ne peut être supprimé parce qu'il a des enregistrements liés.</message>
  </RelatedRecordsCantDelete>

  <RecordDoesNotExist>
    <message>L'enregistrement demandé n'existe pas dans la base de données.</message>
  </RecordDoesNotExist>

  <RecordIdMissing>
    <message>Une requête incorrecte a été effectuée (RecordIdMissing). Merci d'en informer l'administrateur.</message>
  </RecordIdMissing>

  <RecordLocked>
    <message>L'enregistrement est vérouillé et ne peut être modifié ou supprimé.</message>
  </RecordLocked>

  <ServerBusyUpdatingPreferences>
    <message>Le serveur est en cours de modification des préférences.</message>
  </ServerBusyUpdatingPreferences>

  <SessionExpired>
    <message>Votre session a expiré.Merci de vous authentifier à nouveau pour vous continuer</message>
  </SessionExpired>

  <SortDirectionMissing>
    <message>Une requête incorrecte a été effectuée (SortDirectionMissing). Merci d'en informer l'administrateur.</message>
  </SortDirectionMissing>

  <TableIdMissing>
     <message>Une requête incorrecte a été effectuée (TableIdMissing). Merci d'en informer l'administrateur.</message>
  </TableIdMissing>

  <TableNotFound>
    <message>La table demandée n'a pas été trouvée. Vous n'avez peut être pas les bons privilèges.</message>
  </TableNotFound>

  <UnsupportedFieldType>
    <message>Une requête incorrecte a été effectuée (UnsupportedFieldType). Merci d'en informer l'administrateur.</message>
  </UnsupportedFieldType>

  <UnsupportedEvent>
     <message>L'évènement proposé n'est pas supporté.</message>
  </UnsupportedEvent>

  <SetCallBackEventFail>
    <message>Une tentative pour fixer un retro-appel a échoué.</message>
  </SetCallBackEventFail>

  <UserNotFound>
    <message>Il n'y a pas d'utilisateur avec nom et / ou ce mot de passe. Merci de vous authentifier à nouveau pour vous continuer.</message>
  </UserNotFound>

  <UnableToUploadBinary>
    <message>Impossible de charger le contenu binaire.</message>
  </UnableToUploadBinary>

</errors>
