<?xml version="1.0" encoding="utf-8" standalone="no"?>
<Strings>

  <BuildingStructureArrays>
    <en>Building Structure Arrays</en>
    <de>Erzeuge Struktur-Arrays</de>
    <fr>Construction des tableaux de structure</fr>
	<es>Construcción de los arrays de estructura</es>
  </BuildingStructureArrays>

  <BuildingStructureFieldsXMLFiles>
    <en>Building Structure Fields XML Files</en>
    <de>Erzeuge XML-Dateien für Strukturfelder</de>
    <fr>Construction des fichier XML de champs</fr>
	<es>Construcción de los archivos XML de campos</es>
  </BuildingStructureFieldsXMLFiles>

  <BuildingStructureTablesXMLFile>
    <en>Building Structure Tables XML File</en>
    <de>Erzeuge XML-Dateien für Strukturtabellen</de>
    <fr>Construction des fichiers XML de tables</fr>
	<es>Construcción de los archivos XML de tablas</es>
  </BuildingStructureTablesXMLFile>

  <DAXInitializationError>
    <en>DAX Initialization Error. DAX will not be available. Error:</en>
    <de>DAX Initialisationsfehler. DAX ist nicht verfügbar. Fehler:</de>
    <fr>Erreur d'initialisation DAX. DAX ne peut démarrer. Erreur :</fr>
	<es>Error de inicialización DAX. DAX no puede iniciar. Error:</es>
  </DAXInitializationError>

  <DAXInitializing>
    <en>DAX Initializing</en>
    <de>DAX Initialisierung</de>
    <fr>Initialisation de DAX</fr>
	<es>Inicialización de DAX</es>
  </DAXInitializing>

  <DAXShuttingdown>
    <en>DAX Shutting down</en>
    <de>DAX wird beendet</de>
    <fr>Fermeture de DAX</fr>
	<es>Cerrando DAX</es>
  </DAXShuttingdown>

  <LangInstallFailedInvalidGroupName>
    <en>Unable to install the language - Invalid Group Name: </en>
    <de>Die Sprache kann nicht installiert werden - Ungültiger Gruppenname: </de>
    <fr>Impossible d'installer le langage - Nom de groupe invalide : </fr>
    <es>Imposible instalar el lenguaje - Nombre de grupo inválido: </es>
  </LangInstallFailedInvalidGroupName>

  <No>
    <en>No</en>
    <de>Nein</de>
    <fr>Non</fr>
    <es>No</es>
  </No>

  <PromptUpdateStructure>
    <en>Do you want to update the structure XML files?</en>
    <de>Sollen die XML-Dateien der Struktur aktualisiert werden?</de>
    <fr>Souhaitez-vous mettre à jour les fichiers XML de structure?</fr>
	<es>¿Desea actualizar los archivos XML de estructura?</es>
  </PromptUpdateStructure>

  <SetCallBackEventFail>
    <en>An attempt to set a Callback event has failed.</en>
    <de>Fehler beim Senden eines Call-Back-Ereignisses.</de>
    <fr>Une tentative d'évenement Callback a échouée.</fr>
    <es>Ha fallado un intento por definir un evento Callback.</es>
  </SetCallBackEventFail>

  <SavingDAXPreferences>
    <en>Saving DAX Preferences</en>
    <de>Sichere DAX Voreinstellungen</de>
    <fr>Sauvegarde des préférences DAX</fr>
	<es>Guardando las preferencias DAX</es>
  </SavingDAXPreferences>

  <Yes>
    <en>Yes</en>
    <de>Ja</de>
    <fr>Oui</fr>
    <es>Sí</es>
  </Yes>

</Strings>
<!-- 
Local Variables:
coding: utf-8;
End:
 -->