<?xml version="1.0" encoding="UTF-8" standalone="no" ?>
<OfficeBindings DocPath="Macintosh HD:Users:jcapy2:Library:Application Support:4D:DevMbrMax092905.4DB_10_0_0_3:Extras:Templates:Word:DarkBlue5.xml">

  <Variable BoundTo="" Cfield="0" Ctype="" LoopingOn="" Name="OFOBJL_TableName"/>

  <Variable BoundTo="Company Name" Cfield="0" Ctype="Field" LoopingOn="" Name="OFOBJL_Title1"/>

  <Variable BoundTo="EMAIL1" Cfield="0" Ctype="Field" LoopingOn="" Name="OFOBJL_Title2"/>

  <Variable BoundTo="Main Phone" Cfield="0" Ctype="Field" LoopingOn="" Name="OFOBJL_Title3"/>

  <Variable BoundTo="Main Fax" Cfield="0" Ctype="Field" LoopingOn="" Name="OFOBJL_Title4"/>

  <Variable BoundTo="WebPage" Cfield="0" Ctype="Field" LoopingOn="" Name="OFOBJL_Title5"/>

  <Array BoundTo="Company Name" Cfield="2" Ctype="Field" LoopingOn="OFOBJL_Numrecs" Name="OFOBJL_Myfield1{OFOBJL_Numrecs}"/>

  <Array BoundTo="EMAIL1" Cfield="46" Ctype="Field" LoopingOn="OFOBJL_Numrecs" Name="OFOBJL_Myfield2{OFOBJL_Numrecs}"/>

  <Array BoundTo="Main Phone" Cfield="9" Ctype="Field" LoopingOn="OFOBJL_Numrecs" Name="OFOBJL_Myfield3{OFOBJL_Numrecs}"/>

  <Array BoundTo="Main Fax" Cfield="10" Ctype="Field" LoopingOn="OFOBJL_Numrecs" Name="OFOBJL_Myfield4{OFOBJL_Numrecs}"/>

  <Array BoundTo="WebPage" Cfield="37" Ctype="Field" LoopingOn="OFOBJL_Numrecs" Name="OFOBJL_Myfield5{OFOBJL_Numrecs}"/>

  <Array BoundTo="COMPANY" Cfield="5" Ctype="Table" LoopingOn="" Name="NumRecs"/>

</OfficeBindings>
