<?xml version="1.0" encoding="UTF-8" standalone="no" ?>
<OfficeBindings DocPath="Macintosh HD:Users:jcapy2:Library:Application Support:4D:DevMbrMax092905.4DB_10_0_0_3:Extras:Templates:Word:Golden9.xml">

  <Variable BoundTo="" Cfield="0" Ctype="" LoopingOn="" Name="OFOBJL_TableName"/>

  <Variable BoundTo="Company Name" Cfield="0" Ctype="Field" LoopingOn="" Name="OFOBJL_Title1"/>

  <Variable BoundTo="Main Address1" Cfield="0" Ctype="Field" LoopingOn="" Name="OFOBJL_Title2"/>

  <Variable BoundTo="Main Address2" Cfield="0" Ctype="Field" LoopingOn="" Name="OFOBJL_Title3"/>

  <Variable BoundTo="Main City" Cfield="0" Ctype="Field" LoopingOn="" Name="OFOBJL_Title4"/>

  <Variable BoundTo="Main State" Cfield="0" Ctype="Field" LoopingOn="" Name="OFOBJL_Title5"/>

  <Variable BoundTo="Main Zip" Cfield="0" Ctype="Field" LoopingOn="" Name="OFOBJL_Title6"/>

  <Variable BoundTo="Main Country" Cfield="0" Ctype="Field" LoopingOn="" Name="OFOBJL_Title7"/>

  <Variable BoundTo="Main Phone" Cfield="0" Ctype="Field" LoopingOn="" Name="OFOBJL_Title8"/>

  <Variable BoundTo="Main Fax" Cfield="0" Ctype="Field" LoopingOn="" Name="OFOBJL_Title9"/>

  <Array BoundTo="Company Name" Cfield="2" Ctype="Field" LoopingOn="OFOBJL_Numrecs" Name="OFOBJL_Myfield1{OFOBJL_Numrecs}"/>

  <Array BoundTo="Main Address1" Cfield="3" Ctype="Field" LoopingOn="OFOBJL_Numrecs" Name="OFOBJL_Myfield2{OFOBJL_Numrecs}"/>

  <Array BoundTo="Main Address2" Cfield="4" Ctype="Field" LoopingOn="OFOBJL_Numrecs" Name="OFOBJL_Myfield3{OFOBJL_Numrecs}"/>

  <Array BoundTo="Main City" Cfield="5" Ctype="Field" LoopingOn="OFOBJL_Numrecs" Name="OFOBJL_Myfield4{OFOBJL_Numrecs}"/>

  <Array BoundTo="Main State" Cfield="6" Ctype="Field" LoopingOn="OFOBJL_Numrecs" Name="OFOBJL_Myfield5{OFOBJL_Numrecs}"/>

  <Array BoundTo="Main Zip" Cfield="7" Ctype="Field" LoopingOn="OFOBJL_Numrecs" Name="OFOBJL_Myfield6{OFOBJL_Numrecs}"/>

  <Array BoundTo="Main Country" Cfield="8" Ctype="Field" LoopingOn="OFOBJL_Numrecs" Name="OFOBJL_Myfield7{OFOBJL_Numrecs}"/>

  <Array BoundTo="Main Phone" Cfield="9" Ctype="Field" LoopingOn="OFOBJL_Numrecs" Name="OFOBJL_Myfield8{OFOBJL_Numrecs}"/>

  <Array BoundTo="Main Fax" Cfield="10" Ctype="Field" LoopingOn="OFOBJL_Numrecs" Name="OFOBJL_Myfield9{OFOBJL_Numrecs}"/>

  <Array BoundTo="COMPANY" Cfield="5" Ctype="Table" LoopingOn="" Name="NumRecs"/>

</OfficeBindings>
